,recipe_id,ing_id
1,3002.0,1
2,3268.0,1
3,3033.0,1
4,1005.0,2
5,3013.0,2
6,3450.0,2
7,938.0,2
8,2101.0,2
9,1469.0,2
10,3011.0,2
11,937.0,2
13,3014.0,2
14,2082.0,2
15,3570.0,3
16,1879.0,4
17,1592.0,5
18,1737.0,5
19,496.0,5
20,3272.0,5
21,392.0,5
22,3133.0,5
23,3291.0,5
24,345.0,5
25,484.0,5
26,1070.0,5
27,3545.0,5
28,1413.0,5
30,191.0,5
31,3617.0,5
32,400.0,5
33,704.0,5
34,1617.0,5
35,619.0,5
36,1181.0,5
37,1572.0,5
38,1720.0,5
39,3411.0,5
40,2049.0,5
41,2670.0,5
42,2861.0,5
43,2600.0,5
44,276.0,5
45,372.0,5
46,2506.0,5
47,3307.0,6
48,3511.0,6
49,1906.0,6
50,284.0,6
51,3415.0,6
52,1172.0,6
53,193.0,6
54,848.0,6
55,3260.0,6
56,1037.0,7
57,1721.0,7
58,281.0,7
59,3474.0,8
60,3143.0,8
61,3588.0,8
62,3323.0,8
63,3143.0,8
64,2396.0,8
65,2522.0,8
66,3519.0,9
68,871.0,9
69,3684.0,10
70,1646.0,10
71,2900.0,10
72,3660.0,10
73,2011.0,10
75,2011.0,10
76,2045.0,11
77,2344.0,11
78,3129.0,11
80,260.0,11
82,877.0,11
83,2840.0,12
84,281.0,12
85,3076.0,12
86,3287.0,12
87,3572.0,12
88,2023.0,12
89,1425.0,12
90,3437.0,12
91,2497.0,12
92,2054.0,12
93,1974.0,12
94,25.0,12
95,1342.0,12
96,868.0,12
97,1506.0,12
98,1733.0,12
99,3692.0,12
100,1505.0,12
101,3645.0,12
102,2729.0,12
103,1398.0,12
104,2562.0,12
105,2684.0,13
106,1071.0,14
107,3115.0,14
110,3529.0,14
111,2055.0,14
112,1127.0,14
114,1306.0,14
115,1306.0,14
116,45.0,14
117,699.0,14
118,2271.0,14
119,2570.0,14
120,2800.0,14
121,1147.0,14
122,3224.0,14
123,2379.0,14
124,2142.0,14
125,3256.0,14
126,348.0,14
127,3685.0,14
128,1250.0,14
129,3438.0,14
130,3597.0,14
131,3693.0,14
133,3647.0,14
134,757.0,14
135,2900.0,14
136,3522.0,14
137,2692.0,14
138,3441.0,14
139,479.0,14
140,2424.0,14
141,47.0,14
142,2900.0,14
143,356.0,14
144,1462.0,14
145,874.0,15
146,3534.0,15
147,1412.0,15
148,3533.0,15
149,2332.0,16
150,3458.0,16
151,2661.0,16
152,874.0,16
153,3600.0,16
154,3467.0,16
155,125.0,17
156,391.0,17
157,828.0,17
158,2081.0,17
160,2172.0,17
161,3118.0,17
162,2021.0,17
163,2546.0,17
164,1043.0,17
165,3140.0,17
166,1936.0,17
167,1328.0,17
168,874.0,17
169,3455.0,17
170,2890.0,17
171,1937.0,17
172,1180.0,17
173,2101.0,17
174,1950.0,17
175,3399.0,17
176,1937.0,17
177,1562.0,17
178,3552.0,17
179,1455.0,17
180,1708.0,17
181,244.0,18
182,874.0,18
185,856.0,19
186,3508.0,19
187,3514.0,19
188,188.0,20
189,3294.0,20
190,1315.0,20
192,19.0,20
193,806.0,21
194,1361.0,21
196,966.0,22
197,3063.0,22
198,145.0,22
200,3310.0,22
201,1129.0,22
202,155.0,22
203,1930.0,22
204,3302.0,22
205,2999.0,22
206,3106.0,22
207,290.0,22
208,620.0,22
209,788.0,22
210,538.0,22
211,1132.0,22
212,3585.0,22
213,2489.0,22
214,879.0,22
215,2093.0,22
216,2467.0,22
217,3031.0,22
218,1762.0,22
219,706.0,22
220,1159.0,22
221,219.0,22
222,373.0,22
223,3454.0,22
224,3030.0,22
225,1756.0,22
226,2456.0,22
227,3693.0,22
228,410.0,22
230,2547.0,22
231,296.0,22
232,3105.0,22
234,3610.0,22
235,2626.0,22
236,1128.0,22
237,1631.0,23
238,3184.0,23
239,798.0,23
240,565.0,23
241,2522.0,23
242,565.0,24
243,3607.0,25
244,3607.0,25
245,3475.0,26
246,1555.0,27
247,516.0,28
248,1937.0,28
249,296.0,28
250,218.0,28
251,528.0,28
252,2406.0,28
253,3058.0,28
254,2762.0,28
255,1934.0,28
256,2120.0,28
257,3062.0,28
258,3133.0,28
259,1962.0,28
260,2026.0,28
261,251.0,28
262,1953.0,28
263,120.0,28
264,618.0,28
265,3693.0,28
266,791.0,28
267,2040.0,28
268,1937.0,28
269,3079.0,28
270,2405.0,28
272,229.0,30
273,230.0,30
274,2780.0,31
275,221.0,31
276,871.0,31
277,2179.0,31
278,3667.0,31
279,3208.0,31
280,2786.0,31
281,626.0,31
282,3669.0,31
283,2149.0,31
284,3492.0,31
285,2898.0,31
286,629.0,31
287,3486.0,31
288,1205.0,31
289,1789.0,32
290,3480.0,32
291,2762.0,32
292,436.0,32
293,855.0,32
294,1005.0,32
295,2129.0,32
296,1472.0,32
297,2704.0,32
298,801.0,32
299,2228.0,32
300,2437.0,33
301,355.0,33
302,2466.0,33
303,2436.0,33
304,2515.0,34
305,2813.0,34
306,2986.0,34
307,53.0,34
308,3404.0,34
309,1918.0,34
310,429.0,34
311,3302.0,34
312,852.0,34
313,1918.0,34
314,1805.0,35
315,811.0,35
316,1315.0,35
317,920.0,35
318,506.0,35
319,2442.0,36
320,3611.0,37
321,2473.0,38
322,2482.0,38
323,2466.0,38
324,2810.0,39
325,2111.0,40
326,2449.0,40
327,2893.0,40
328,3214.0,40
330,700.0,40
331,2637.0,41
332,364.0,41
333,79.0,41
334,2435.0,42
335,2897.0,42
337,1161.0,44
338,3007.0,44
339,3497.0,44
340,3301.0,44
341,1013.0,44
342,3472.0,44
343,2401.0,44
344,3688.0,44
345,1103.0,44
346,659.0,45
347,3219.0,45
348,2048.0,46
349,47.0,47
350,3681.0,47
351,3062.0,48
352,3468.0,48
353,2906.0,49
354,2904.0,50
355,2786.0,51
356,44.0,51
357,3553.0,52
358,2334.0,52
359,3169.0,53
360,3498.0,53
361,1858.0,53
362,3649.0,54
363,3576.0,55
364,1828.0,56
365,1828.0,56
366,2971.0,56
367,1127.0,57
368,3480.0,58
369,1008.0,58
370,1703.0,58
371,431.0,58
373,795.0,58
374,2710.0,58
375,3480.0,58
376,3678.0,58
377,418.0,58
378,2630.0,59
379,408.0,59
380,2710.0,59
381,661.0,59
382,1014.0,59
383,3053.0,59
384,3674.0,59
385,1233.0,59
386,1068.0,59
387,3053.0,59
389,3296.0,60
390,520.0,60
391,569.0,60
392,2724.0,60
393,2341.0,60
394,2747.0,60
396,585.0,60
397,3167.0,61
398,519.0,61
399,3622.0,61
400,791.0,61
401,1319.0,61
402,3069.0,62
403,3066.0,63
404,1680.0,64
405,176.0,64
406,3191.0,64
407,576.0,64
408,1949.0,64
409,19.0,64
410,1677.0,64
411,3117.0,65
413,2400.0,66
414,953.0,66
415,2977.0,66
416,484.0,66
417,3112.0,66
418,2978.0,66
419,284.0,66
420,3518.0,66
421,2915.0,66
422,3064.0,66
423,3516.0,66
424,3656.0,66
425,2782.0,66
426,2174.0,66
427,1133.0,66
428,912.0,66
429,3644.0,66
430,77.0,66
431,3251.0,66
432,2793.0,67
433,791.0,68
434,210.0,69
435,2308.0,69
436,146.0,69
437,1209.0,69
438,2109.0,69
439,1080.0,69
440,2363.0,69
441,3152.0,69
442,1463.0,69
443,3462.0,69
444,2710.0,69
445,2605.0,69
446,3555.0,69
447,2307.0,69
448,3041.0,69
449,795.0,69
450,795.0,70
451,1859.0,70
452,2716.0,70
453,1787.0,70
454,3131.0,70
455,3060.0,70
456,1787.0,70
457,1833.0,70
458,1609.0,70
459,1418.0,70
460,573.0,70
461,2701.0,70
462,2401.0,70
463,1987.0,70
464,578.0,70
465,311.0,70
466,1861.0,70
467,2440.0,70
468,1058.0,70
469,3658.0,70
470,2014.0,70
471,2894.0,70
472,3511.0,70
473,2799.0,70
474,2223.0,70
475,2710.0,70
476,1739.0,70
477,961.0,70
478,2436.0,70
479,152.0,70
480,3693.0,70
481,2735.0,70
482,82.0,71
483,2113.0,71
484,1973.0,71
485,2513.0,71
486,2995.0,71
487,2696.0,71
488,10.0,71
489,3098.0,71
491,2179.0,71
492,402.0,71
493,2710.0,71
494,606.0,71
495,2482.0,71
496,689.0,71
497,835.0,71
498,2081.0,71
499,516.0,71
500,1899.0,71
501,1682.0,71
502,2679.0,71
503,82.0,71
504,3690.0,71
505,2113.0,71
506,2969.0,71
507,1921.0,71
509,2161.0,71
510,762.0,71
511,1759.0,71
512,534.0,71
513,3131.0,71
514,2136.0,71
515,795.0,71
516,214.0,71
517,1751.0,71
518,2018.0,71
519,1575.0,71
520,3683.0,71
521,3647.0,71
523,367.0,71
524,606.0,72
525,3498.0,72
526,2612.0,72
527,3627.0,72
528,1897.0,72
529,417.0,72
530,2704.0,72
531,214.0,72
532,2139.0,72
533,2936.0,72
534,3662.0,72
535,838.0,72
536,3620.0,72
537,358.0,72
538,3693.0,72
539,2472.0,72
541,2980.0,72
542,1191.0,72
543,3047.0,72
545,2815.0,72
546,3555.0,72
547,3131.0,72
548,2339.0,72
549,1888.0,72
550,303.0,72
551,3598.0,72
552,2598.0,72
553,2710.0,72
554,3099.0,72
555,3679.0,72
556,1817.0,72
557,595.0,72
558,1906.0,72
559,2692.0,72
560,2947.0,72
561,3692.0,72
562,2986.0,72
563,2314.0,72
564,2949.0,72
565,1665.0,73
566,2750.0,74
567,3464.0,75
568,2022.0,76
569,204.0,77
570,1839.0,77
571,2310.0,77
572,2325.0,77
573,423.0,77
574,1096.0,77
575,480.0,77
576,2129.0,77
577,1005.0,77
578,758.0,77
579,3047.0,77
580,3646.0,77
581,938.0,77
582,1182.0,77
583,3099.0,77
584,3547.0,77
585,3047.0,77
586,248.0,77
587,204.0,77
588,1133.0,77
589,2897.0,77
590,2310.0,77
591,415.0,77
592,284.0,77
593,892.0,77
594,3579.0,78
595,883.0,79
596,305.0,80
597,3074.0,80
598,1159.0,80
599,3528.0,80
600,305.0,80
601,2779.0,80
602,1756.0,81
603,3560.0,82
604,2014.0,83
605,2895.0,84
606,1146.0,85
607,3529.0,85
608,739.0,85
609,482.0,85
610,492.0,85
611,169.0,85
612,1098.0,85
613,2570.0,85
614,2215.0,85
615,2215.0,86
616,22.0,87
617,3550.0,88
618,787.0,88
619,3004.0,89
620,108.0,89
621,1550.0,89
622,3556.0,89
623,1616.0,90
624,1028.0,91
625,3095.0,91
626,3592.0,91
627,381.0,91
628,859.0,91
629,377.0,91
630,3164.0,91
631,1703.0,91
632,288.0,91
633,1058.0,91
634,1649.0,91
635,2710.0,91
637,102.0,91
638,384.0,91
639,3182.0,91
640,3516.0,91
641,2464.0,91
642,1030.0,91
643,2334.0,91
644,484.0,91
645,1971.0,91
646,2515.0,91
647,3200.0,91
648,1762.0,91
649,1577.0,91
650,3479.0,91
651,2767.0,92
652,2020.0,92
653,2972.0,92
654,3620.0,92
655,3584.0,92
656,848.0,92
657,1175.0,92
658,1854.0,92
659,3468.0,92
660,431.0,92
661,1900.0,92
662,3651.0,93
663,408.0,94
664,1486.0,95
665,2415.0,96
666,408.0,97
667,2436.0,98
668,1397.0,98
669,3479.0,98
670,3545.0,98
671,3582.0,98
672,2375.0,98
673,3055.0,98
674,3567.0,98
675,2789.0,98
677,1268.0,99
678,2377.0,99
679,1361.0,99
680,1307.0,99
681,2889.0,99
682,2789.0,99
683,2367.0,99
684,179.0,99
685,3396.0,99
686,1363.0,99
687,2383.0,100
688,91.0,101
689,1307.0,102
690,3124.0,103
691,3497.0,104
692,2692.0,105
694,3658.0,105
695,902.0,105
696,2197.0,106
697,2432.0,107
698,980.0,108
699,1251.0,108
700,980.0,108
701,3241.0,108
702,355.0,108
703,1892.0,108
704,3461.0,108
705,1658.0,108
706,980.0,108
707,3549.0,108
708,355.0,109
709,2702.0,110
710,1894.0,110
711,1280.0,111
712,3663.0,112
713,2808.0,113
714,3492.0,114
715,1757.0,114
716,1334.0,114
717,506.0,115
718,724.0,115
719,1797.0,115
720,2243.0,115
721,3669.0,115
722,1710.0,116
723,522.0,116
724,1697.0,117
725,828.0,117
726,2633.0,117
727,3518.0,117
728,3440.0,118
729,2819.0,118
730,3191.0,118
731,557.0,119
732,3076.0,119
733,1669.0,119
734,2417.0,120
735,994.0,120
736,2084.0,121
737,3045.0,121
738,97.0,121
739,3004.0,121
740,3078.0,121
741,590.0,121
742,959.0,121
743,3043.0,121
744,555.0,122
745,3492.0,122
746,183.0,122
747,3556.0,122
748,3484.0,122
749,572.0,122
750,176.0,122
751,3050.0,122
752,2737.0,122
753,557.0,122
754,3067.0,123
755,3510.0,123
756,3060.0,123
757,2676.0,123
758,1745.0,123
759,1868.0,123
760,2677.0,123
761,194.0,123
762,3687.0,123
763,3056.0,123
764,468.0,123
765,3523.0,124
766,2674.0,124
767,706.0,124
768,3640.0,124
769,2670.0,124
770,659.0,124
771,2960.0,124
772,974.0,124
773,2813.0,124
774,2126.0,125
775,3583.0,125
776,3620.0,125
777,3620.0,125
778,3064.0,126
779,874.0,126
780,3687.0,126
781,2411.0,126
782,110.0,126
783,645.0,126
784,1985.0,126
785,791.0,126
786,1931.0,126
787,2915.0,126
788,3601.0,126
789,3591.0,127
790,3563.0,128
791,2511.0,129
792,3182.0,129
793,2936.0,129
794,2579.0,129
795,3401.0,129
796,3288.0,129
797,3401.0,129
798,1987.0,129
799,2815.0,129
800,2462.0,129
801,2500.0,129
802,3400.0,130
803,1216.0,131
804,2026.0,131
805,3480.0,131
806,2040.0,131
807,2512.0,131
808,3539.0,131
809,2098.0,132
810,3001.0,132
811,3270.0,132
812,690.0,132
813,1341.0,133
814,1378.0,133
815,2365.0,133
816,1754.0,133
817,3239.0,133
818,2951.0,133
819,3031.0,134
820,2591.0,134
821,3037.0,134
822,3268.0,134
823,3407.0,134
824,1714.0,134
825,3001.0,134
826,3042.0,134
827,3557.0,134
828,3596.0,134
829,1175.0,134
830,3597.0,134
831,1384.0,134
832,3583.0,134
833,3519.0,134
834,2532.0,135
835,2572.0,136
836,2047.0,136
837,3465.0,136
838,1292.0,136
839,997.0,136
840,3184.0,136
841,1289.0,136
842,1300.0,136
843,1300.0,136
844,1329.0,136
845,3258.0,136
846,1295.0,136
847,1090.0,136
848,2711.0,136
849,1286.0,136
850,3252.0,136
851,1301.0,136
852,313.0,136
853,3408.0,137
854,2812.0,137
855,374.0,137
856,1952.0,138
857,1103.0,138
858,2418.0,138
859,2109.0,138
860,843.0,138
861,438.0,138
862,2189.0,138
863,470.0,138
864,2544.0,138
865,2664.0,138
866,700.0,138
867,1978.0,138
868,762.0,138
869,1213.0,138
870,3553.0,138
871,1910.0,138
872,3032.0,138
873,1410.0,138
874,3676.0,138
875,3185.0,138
876,253.0,138
877,1488.0,138
878,1217.0,138
879,2989.0,139
880,2970.0,139
881,3233.0,139
882,661.0,139
883,2063.0,139
884,3623.0,139
885,476.0,139
886,1948.0,139
887,3490.0,139
888,679.0,139
889,3137.0,139
891,2794.0,139
892,2985.0,139
893,1495.0,139
894,3648.0,139
895,1948.0,139
896,1492.0,139
898,2685.0,139
899,2989.0,139
900,2331.0,139
901,2683.0,139
902,661.0,139
903,663.0,139
904,2989.0,139
905,3328.0,139
906,3407.0,139
907,3287.0,139
908,2779.0,139
909,2010.0,139
910,1276.0,139
911,403.0,139
912,2989.0,139
913,2063.0,139
914,2537.0,139
915,1493.0,139
916,3492.0,140
917,1186.0,140
918,2661.0,140
919,2214.0,141
920,1292.0,141
921,1497.0,141
922,1787.0,141
923,1513.0,141
924,3457.0,141
925,2655.0,141
926,555.0,141
927,2818.0,141
928,1305.0,141
929,1507.0,141
930,3611.0,141
931,1703.0,141
932,799.0,141
933,1859.0,141
934,3187.0,141
935,1871.0,141
936,3212.0,141
937,3611.0,141
938,2782.0,141
939,65.0,141
940,2671.0,141
941,1090.0,141
942,2692.0,141
943,2882.0,141
944,2999.0,141
945,3409.0,142
946,1577.0,142
947,2760.0,143
948,3302.0,144
949,3557.0,144
950,634.0,144
951,29.0,144
952,13.0,144
953,97.0,144
954,3402.0,145
955,3402.0,145
956,3468.0,145
957,2665.0,146
958,3410.0,147
959,3410.0,147
960,2127.0,148
961,3410.0,148
962,2609.0,148
963,3404.0,148
964,3293.0,149
965,3293.0,149
966,3453.0,149
967,3405.0,150
968,2693.0,151
969,2686.0,151
970,1763.0,151
971,3679.0,151
972,194.0,151
973,2915.0,151
974,1855.0,151
975,2686.0,151
976,2701.0,151
977,835.0,151
978,1895.0,151
979,1897.0,151
980,2699.0,151
981,1855.0,151
982,1857.0,151
983,2696.0,151
984,2703.0,151
985,3646.0,151
986,1316.0,152
987,661.0,152
988,651.0,152
989,1241.0,152
990,3678.0,152
991,2182.0,152
992,702.0,152
993,863.0,152
994,2139.0,152
995,2178.0,152
996,3233.0,152
997,1772.0,152
998,2794.0,152
999,3287.0,152
1000,2606.0,152
1001,2808.0,152
1002,3616.0,152
1003,1428.0,152
1004,635.0,152
1005,48.0,152
1006,2153.0,152
1007,3295.0,152
1009,2153.0,152
1010,3322.0,152
1011,2970.0,152
1012,55.0,153
1013,55.0,154
1014,2632.0,155
1015,3099.0,156
1016,839.0,157
1017,3574.0,157
1018,1316.0,157
1019,1105.0,157
1020,2530.0,157
1021,2173.0,157
1022,3663.0,157
1023,3366.0,157
1024,1112.0,157
1025,1743.0,157
1026,1917.0,158
1027,2786.0,159
1028,3585.0,160
1029,578.0,160
1030,3504.0,161
1031,3182.0,161
1032,3048.0,161
1033,782.0,162
1034,3663.0,163
1035,863.0,164
1036,2522.0,165
1037,2077.0,166
1038,949.0,167
1039,3568.0,167
1040,1265.0,167
1041,3639.0,168
1042,2464.0,168
1043,1174.0,169
1044,1659.0,169
1045,3365.0,169
1046,3620.0,170
1047,1280.0,170
1048,3618.0,171
1049,2100.0,172
1050,1828.0,172
1051,2989.0,172
1052,1827.0,172
1053,1203.0,172
1054,2100.0,172
1055,3204.0,172
1056,816.0,172
1057,815.0,172
1058,3571.0,173
1059,2228.0,173
1060,1065.0,173
1061,3023.0,173
1062,2660.0,173
1063,1304.0,173
1064,1846.0,173
1065,2313.0,173
1066,3149.0,173
1067,333.0,173
1068,1587.0,173
1069,2426.0,173
1070,2719.0,174
1071,1365.0,175
1072,2424.0,176
1073,2534.0,177
1074,2312.0,178
1075,1641.0,178
1077,3243.0,178
1078,744.0,178
1079,2241.0,178
1081,1428.0,178
1082,1998.0,178
1083,3322.0,178
1084,1314.0,178
1085,816.0,178
1086,2957.0,178
1087,2714.0,178
1088,1349.0,178
1089,829.0,178
1090,695.0,178
1091,485.0,178
1092,3175.0,178
1093,1602.0,178
1094,569.0,178
1095,3678.0,178
1096,3005.0,178
1097,3674.0,178
1098,3509.0,178
1099,2100.0,178
1100,3131.0,178
1101,3649.0,178
1102,3485.0,178
1103,3325.0,178
1104,2719.0,178
1105,2307.0,178
1106,814.0,178
1107,25.0,178
1108,3042.0,179
1109,3517.0,179
1110,3243.0,180
1111,1835.0,180
1112,108.0,181
1113,1253.0,181
1114,3405.0,181
1115,1780.0,181
1116,1549.0,181
1117,2089.0,181
1118,1496.0,181
1119,1609.0,181
1120,2908.0,181
1121,2677.0,181
1122,2717.0,181
1123,145.0,181
1124,214.0,181
1125,3250.0,181
1126,2437.0,181
1127,630.0,181
1129,2129.0,182
1130,795.0,182
1131,3611.0,182
1132,2668.0,182
1133,757.0,182
1134,244.0,182
1135,3293.0,182
1136,174.0,182
1137,3596.0,182
1138,3524.0,182
1139,3253.0,182
1140,757.0,182
1141,88.0,182
1142,1936.0,182
1143,1978.0,182
1144,3652.0,182
1145,757.0,182
1146,3198.0,182
1147,1407.0,182
1148,2361.0,182
1149,506.0,182
1150,3473.0,182
1151,607.0,182
1152,3412.0,183
1153,2640.0,184
1154,3281.0,184
1155,2410.0,185
1156,2917.0,185
1157,2947.0,185
1158,3489.0,186
1159,673.0,187
1160,2692.0,187
1161,46.0,187
1162,2468.0,187
1163,1888.0,187
1164,3190.0,187
1165,953.0,187
1166,1834.0,187
1167,2947.0,187
1168,3687.0,187
1169,461.0,187
1170,1779.0,187
1171,3480.0,187
1172,3433.0,187
1173,795.0,187
1174,1191.0,187
1175,3458.0,187
1176,848.0,187
1177,938.0,187
1178,2908.0,187
1179,3671.0,187
1180,2361.0,187
1181,1895.0,187
1182,3470.0,187
1183,267.0,188
1184,3001.0,189
1185,1102.0,189
1186,145.0,189
1187,1423.0,190
1188,1454.0,190
1189,2964.0,190
1190,2537.0,190
1191,3513.0,190
1192,732.0,190
1193,3275.0,190
1194,505.0,191
1195,1051.0,191
1196,3558.0,192
1197,1314.0,193
1198,2367.0,194
1199,2455.0,195
1200,2970.0,196
1202,3137.0,196
1203,531.0,196
1204,3677.0,196
1205,1812.0,196
1206,1018.0,196
1207,1063.0,196
1208,3038.0,196
1209,3047.0,196
1210,1470.0,196
1211,533.0,196
1212,252.0,196
1213,3680.0,197
1214,2782.0,197
1215,2442.0,197
1216,2525.0,198
1217,533.0,199
1218,2707.0,200
1219,721.0,201
1220,720.0,201
1221,1328.0,202
1222,2330.0,203
1223,1759.0,204
1224,3450.0,205
1225,2557.0,205
1226,2081.0,205
1227,2563.0,205
1228,240.0,205
1229,3301.0,205
1230,2092.0,205
1231,2480.0,205
1232,2472.0,205
1233,2446.0,206
1234,1090.0,206
1235,426.0,207
1236,1275.0,208
1237,2139.0,208
1238,2709.0,209
1239,3037.0,209
1240,3415.0,210
1241,3064.0,211
1242,3198.0,211
1243,3099.0,211
1244,2455.0,211
1245,151.0,211
1246,2462.0,211
1247,2449.0,211
1248,2460.0,211
1249,1787.0,211
1250,161.0,212
1251,2052.0,213
1252,927.0,214
1253,3432.0,215
1254,2370.0,215
1255,593.0,215
1256,595.0,215
1257,3168.0,215
1258,794.0,215
1259,2601.0,215
1260,2321.0,215
1261,2899.0,215
1262,1070.0,215
1263,2172.0,215
1264,1914.0,215
1265,1784.0,215
1266,2352.0,215
1267,2814.0,215
1268,2054.0,215
1269,2508.0,215
1270,677.0,215
1271,3380.0,215
1272,879.0,215
1273,2960.0,215
1274,333.0,215
1275,3598.0,215
1276,1049.0,215
1277,1697.0,215
1278,3693.0,215
1279,3222.0,216
1280,1011.0,216
1281,3621.0,216
1282,364.0,217
1283,2411.0,217
1284,1634.0,218
1285,2377.0,218
1286,2966.0,218
1287,572.0,218
1288,1530.0,218
1289,2592.0,218
1290,2644.0,218
1291,578.0,218
1292,1668.0,219
1293,997.0,219
1294,2398.0,219
1295,552.0,219
1296,577.0,219
1297,1199.0,219
1298,72.0,219
1299,1050.0,219
1300,994.0,219
1301,2387.0,220
1302,3205.0,220
1303,558.0,221
1304,18.0,221
1305,1239.0,221
1306,2724.0,221
1307,576.0,222
1308,561.0,222
1309,150.0,223
1310,363.0,224
1311,3193.0,224
1312,2084.0,225
1313,3507.0,226
1314,305.0,227
1315,2081.0,227
1316,592.0,227
1317,2898.0,227
1318,1771.0,228
1319,1770.0,228
1320,2815.0,228
1321,2458.0,228
1322,1215.0,228
1323,2522.0,228
1324,2941.0,228
1325,1771.0,228
1326,3620.0,229
1327,3415.0,230
1328,2482.0,231
1329,1040.0,232
1330,2942.0,232
1331,2003.0,233
1332,223.0,233
1333,1694.0,233
1334,3647.0,233
1335,1868.0,234
1336,1877.0,234
1337,1881.0,234
1338,1863.0,234
1339,1347.0,235
1340,930.0,236
1341,3396.0,236
1343,1347.0,236
1344,1353.0,236
1345,2849.0,236
1346,168.0,237
1347,3357.0,237
1348,2367.0,237
1349,3575.0,237
1350,1344.0,237
1351,1276.0,238
1352,1353.0,239
1353,2871.0,240
1354,3088.0,241
1355,130.0,241
1356,641.0,241
1357,2871.0,242
1358,1828.0,242
1359,1338.0,242
1360,1385.0,242
1361,1338.0,242
1362,2858.0,242
1363,1384.0,242
1364,745.0,242
1365,738.0,242
1366,2100.0,242
1367,2774.0,242
1368,130.0,242
1369,2382.0,242
1370,2985.0,242
1371,1354.0,242
1372,1512.0,242
1373,1386.0,242
1374,3285.0,242
1375,2869.0,242
1376,2123.0,242
1377,1369.0,242
1378,639.0,242
1379,2872.0,242
1381,745.0,242
1382,1493.0,242
1383,3345.0,242
1384,2128.0,242
1385,1383.0,242
1386,1306.0,242
1387,1267.0,242
1388,827.0,242
1389,1362.0,242
1390,2884.0,242
1391,4.0,242
1392,883.0,242
1393,758.0,242
1394,3327.0,242
1395,2867.0,242
1396,656.0,242
1397,2653.0,242
1398,89.0,242
1399,911.0,242
1400,3508.0,242
1401,598.0,242
1402,2361.0,242
1403,3088.0,242
1404,1203.0,243
1405,656.0,244
1406,3340.0,245
1407,167.0,245
1408,3132.0,246
1409,1384.0,246
1410,2888.0,247
1411,2807.0,248
1412,1379.0,248
1413,1353.0,248
1414,3227.0,248
1415,1203.0,249
1416,2869.0,250
1417,2531.0,250
1418,3132.0,251
1419,1333.0,252
1420,2880.0,253
1421,639.0,253
1422,3497.0,254
1423,2867.0,255
1424,3496.0,256
1425,1335.0,257
1426,3125.0,257
1427,3423.0,257
1428,2785.0,258
1429,3155.0,259
1430,3300.0,259
1431,1268.0,260
1432,2874.0,261
1433,606.0,262
1434,3528.0,262
1435,1072.0,262
1436,3486.0,262
1438,2172.0,262
1439,3537.0,262
1440,3078.0,262
1441,2723.0,262
1447,3247.0,266
1448,3247.0,266
1449,2065.0,266
1450,2916.0,266
1451,1403.0,266
1452,2929.0,266
1453,3482.0,266
1454,3278.0,267
1455,2484.0,267
1456,827.0,268
1457,799.0,269
1458,3571.0,270
1459,875.0,271
1460,542.0,272
1461,1133.0,273
1462,1851.0,273
1463,2596.0,274
1464,3404.0,274
1465,628.0,274
1466,321.0,275
1467,351.0,275
1468,3662.0,275
1469,1969.0,275
1470,2710.0,275
1471,183.0,275
1472,666.0,275
1473,1605.0,275
1474,3474.0,275
1475,1133.0,275
1476,3040.0,275
1477,3596.0,275
1478,1881.0,275
1479,501.0,275
1480,3677.0,275
1481,210.0,276
1482,696.0,276
1483,1757.0,276
1484,971.0,276
1485,2643.0,276
1486,970.0,276
1487,3297.0,276
1488,3652.0,276
1489,2906.0,276
1490,2276.0,277
1491,2269.0,278
1492,1463.0,279
1493,844.0,279
1494,2884.0,279
1495,795.0,280
1496,2674.0,280
1497,3619.0,280
1498,3657.0,280
1499,2615.0,280
1500,2709.0,280
1501,3131.0,280
1502,448.0,280
1503,2605.0,280
1504,3602.0,280
1505,2500.0,280
1506,311.0,280
1507,2428.0,280
1508,2492.0,280
1509,2038.0,280
1510,2674.0,280
1511,426.0,280
1512,879.0,281
1513,1882.0,281
1514,1979.0,281
1515,1821.0,281
1516,3620.0,281
1517,2180.0,281
1518,1015.0,281
1519,3411.0,281
1520,3022.0,282
1521,1252.0,282
1522,3182.0,282
1523,1900.0,282
1524,2069.0,282
1525,1692.0,282
1526,1428.0,282
1527,3676.0,282
1528,2587.0,282
1529,607.0,283
1530,3461.0,283
1531,2929.0,284
1532,538.0,284
1533,88.0,284
1534,638.0,285
1535,3301.0,286
1536,3570.0,286
1537,2482.0,287
1538,2860.0,288
1539,3499.0,288
1540,2877.0,288
1541,2862.0,288
1542,768.0,288
1543,2884.0,288
1544,3189.0,288
1545,2888.0,288
1546,2856.0,288
1547,2886.0,288
1548,2858.0,288
1549,2870.0,288
1550,1287.0,288
1551,2316.0,288
1552,2830.0,288
1553,3243.0,289
1554,2264.0,289
1555,3576.0,290
1556,302.0,290
1557,3182.0,290
1558,3182.0,290
1559,2207.0,291
1560,3262.0,291
1561,2625.0,291
1562,2164.0,291
1563,3184.0,291
1564,3625.0,292
1565,3678.0,292
1566,367.0,292
1567,2692.0,293
1568,3047.0,293
1569,1160.0,293
1570,2081.0,293
1571,1342.0,293
1572,834.0,293
1573,136.0,293
1574,1162.0,293
1575,3464.0,293
1576,1289.0,293
1577,3657.0,293
1578,1315.0,293
1579,2173.0,293
1580,2379.0,293
1581,2247.0,293
1582,2081.0,293
1583,782.0,293
1584,3607.0,293
1585,1789.0,293
1586,3680.0,293
1587,3547.0,294
1588,1432.0,295
1589,3243.0,295
1590,1378.0,295
1591,2674.0,296
1592,2783.0,296
1593,3618.0,296
1594,1250.0,296
1595,2401.0,296
1597,3056.0,296
1598,3600.0,296
1599,161.0,297
1600,753.0,298
1601,1915.0,298
1602,2945.0,299
1603,1858.0,300
1604,25.0,301
1605,179.0,301
1606,1267.0,301
1607,121.0,301
1608,1275.0,301
1609,3159.0,301
1610,808.0,302
1611,2862.0,303
1612,3416.0,304
1613,1465.0,304
1614,2361.0,304
1615,2868.0,304
1616,1330.0,304
1618,1650.0,304
1619,1754.0,304
1620,3573.0,304
1621,2123.0,304
1622,1913.0,305
1623,3651.0,305
1624,746.0,305
1626,2298.0,305
1627,3115.0,306
1628,229.0,307
1629,2258.0,308
1630,2806.0,309
1631,3583.0,310
1632,1979.0,310
1633,3583.0,310
1634,3620.0,310
1635,93.0,311
1636,3422.0,311
1637,2265.0,312
1638,222.0,313
1639,3324.0,314
1640,2473.0,315
1641,1534.0,315
1642,2423.0,316
1643,75.0,316
1644,2213.0,317
1645,2213.0,318
1646,1140.0,319
1647,3317.0,319
1648,233.0,319
1649,3065.0,319
1650,3627.0,320
1651,1584.0,320
1652,2540.0,320
1653,1774.0,320
1654,532.0,321
1655,3557.0,322
1656,1659.0,322
1657,439.0,323
1658,2012.0,324
1659,876.0,324
1660,2997.0,324
1661,3002.0,325
1662,2232.0,325
1663,1981.0,325
1664,593.0,325
1665,3464.0,325
1666,842.0,325
1667,3510.0,325
1668,3297.0,325
1669,3311.0,326
1670,1063.0,326
1671,55.0,326
1672,2175.0,326
1673,1781.0,326
1674,2788.0,326
1675,1029.0,327
1676,1927.0,327
1677,3249.0,327
1678,3661.0,327
1679,3397.0,327
1680,1479.0,327
1681,619.0,327
1682,1127.0,327
1683,3069.0,327
1684,690.0,327
1685,538.0,327
1686,2468.0,327
1687,361.0,327
1688,2481.0,327
1689,538.0,327
1690,3096.0,327
1691,1760.0,327
1692,1819.0,327
1693,2129.0,327
1694,505.0,327
1695,2898.0,327
1696,2197.0,327
1697,2820.0,327
1698,1911.0,327
1699,2598.0,327
1700,885.0,327
1701,1273.0,327
1702,398.0,328
1703,2215.0,328
1704,714.0,328
1705,2884.0,328
1706,782.0,328
1707,1030.0,328
1708,1783.0,328
1709,2831.0,328
1710,2646.0,328
1711,2123.0,328
1712,1046.0,328
1713,2625.0,328
1714,129.0,328
1715,2922.0,328
1716,2964.0,328
1717,1479.0,328
1718,3401.0,328
1719,3093.0,328
1720,2859.0,328
1721,2610.0,328
1722,3693.0,328
1723,3297.0,328
1724,3322.0,328
1725,3508.0,328
1726,2217.0,328
1727,3621.0,329
1728,1563.0,329
1729,1707.0,329
1730,104.0,329
1731,1769.0,329
1732,2812.0,329
1733,3065.0,330
1734,868.0,330
1735,3692.0,330
1736,3073.0,330
1737,826.0,330
1738,715.0,330
1739,2570.0,330
1740,2337.0,330
1741,2801.0,330
1742,2836.0,330
1743,3652.0,330
1744,2143.0,330
1745,3574.0,330
1746,2867.0,331
1747,3190.0,332
1748,2307.0,332
1749,397.0,332
1750,3620.0,332
1751,2411.0,332
1752,3563.0,332
1753,3333.0,333
1754,3299.0,333
1755,2128.0,333
1756,20.0,334
1757,3634.0,335
1758,25.0,335
1759,618.0,336
1760,1787.0,336
1761,3017.0,336
1762,20.0,336
1763,2481.0,336
1764,3607.0,336
1765,3411.0,336
1766,3104.0,336
1767,2014.0,336
1768,2353.0,336
1769,1001.0,337
1770,988.0,337
1771,424.0,338
1772,38.0,338
1773,1580.0,338
1774,1190.0,338
1775,2487.0,339
1776,2446.0,339
1777,1591.0,339
1778,1099.0,339
1779,2945.0,339
1780,1937.0,339
1781,2486.0,339
1782,2136.0,339
1783,3558.0,339
1784,3415.0,339
1785,3545.0,339
1786,506.0,339
1787,932.0,339
1788,1071.0,339
1789,175.0,339
1790,2207.0,339
1791,3071.0,339
1792,470.0,340
1793,3516.0,341
1794,1176.0,342
1795,2647.0,343
1796,1328.0,343
1797,3482.0,343
1798,2385.0,343
1799,2385.0,343
1800,2967.0,343
1801,2340.0,343
1802,3488.0,343
1803,2179.0,343
1804,2647.0,343
1805,3487.0,343
1806,1292.0,343
1807,2378.0,343
1808,681.0,343
1809,1118.0,344
1810,2647.0,344
1811,221.0,344
1812,2378.0,344
1813,3424.0,345
1814,3546.0,346
1815,25.0,346
1816,3649.0,346
1817,3442.0,347
1819,3557.0,347
1820,1801.0,348
1821,1383.0,348
1822,1801.0,348
1823,1387.0,348
1824,1353.0,348
1825,1801.0,348
1826,1382.0,348
1827,820.0,348
1828,3124.0,349
1829,807.0,350
1830,3225.0,350
1831,2693.0,350
1832,1389.0,350
1833,980.0,350
1834,180.0,350
1835,1059.0,350
1836,3663.0,350
1837,1268.0,350
1838,983.0,350
1839,3104.0,351
1840,2159.0,352
1841,432.0,353
1842,3669.0,353
1843,1689.0,354
1844,2694.0,354
1845,74.0,354
1846,689.0,354
1847,2986.0,354
1848,3552.0,354
1849,3597.0,355
1850,3553.0,355
1851,3100.0,355
1852,3475.0,355
1853,3098.0,355
1854,877.0,356
1855,2608.0,356
1856,1329.0,356
1857,3511.0,356
1858,2206.0,356
1859,2882.0,357
1860,1071.0,357
1861,3568.0,357
1862,3677.0,357
1863,284.0,357
1864,1787.0,358
1865,2418.0,358
1866,690.0,358
1867,2325.0,358
1868,3290.0,359
1869,2107.0,359
1870,1074.0,359
1871,2992.0,359
1872,3671.0,360
1873,798.0,360
1874,1215.0,361
1875,2492.0,361
1876,1756.0,361
1877,1784.0,362
1878,1563.0,363
1879,3407.0,363
1880,2377.0,364
1881,3278.0,365
1882,3450.0,366
1883,3307.0,366
1884,2563.0,366
1885,1793.0,366
1886,3549.0,366
1887,801.0,367
1888,3045.0,368
1889,3607.0,369
1890,1707.0,370
1891,3183.0,370
1892,3249.0,370
1893,2998.0,370
1894,3034.0,370
1895,3407.0,371
1896,3045.0,371
1897,3096.0,371
1898,795.0,372
1899,3530.0,373
1900,3200.0,374
1901,3480.0,375
1902,1908.0,376
1903,2711.0,376
1904,877.0,376
1905,3545.0,376
1906,2132.0,377
1907,2486.0,378
1908,242.0,379
1909,3518.0,379
1910,3396.0,380
1911,3094.0,380
1912,384.0,380
1913,1551.0,380
1914,416.0,380
1915,1597.0,380
1916,3131.0,381
1917,3618.0,381
1918,2168.0,381
1919,534.0,382
1920,1839.0,382
1921,3044.0,383
1922,2041.0,384
1923,3461.0,384
1924,819.0,384
1925,3205.0,385
1926,2678.0,386
1927,3675.0,386
1928,2062.0,386
1929,160.0,386
1930,2692.0,386
1931,1313.0,386
1932,276.0,386
1933,576.0,386
1934,1289.0,386
1935,97.0,386
1936,1290.0,387
1937,2574.0,387
1938,3483.0,388
1939,704.0,389
1940,3145.0,389
1941,416.0,389
1942,316.0,389
1943,3579.0,389
1944,2526.0,389
1945,3611.0,389
1946,2526.0,389
1947,3146.0,389
1948,1918.0,389
1949,590.0,389
1950,1986.0,389
1951,2693.0,389
1952,2783.0,389
1953,1272.0,389
1954,3571.0,389
1955,3455.0,390
1956,673.0,391
1957,169.0,392
1958,1851.0,392
1959,3678.0,392
1960,2944.0,393
1961,1003.0,394
1962,3182.0,394
1963,838.0,394
1964,1218.0,394
1965,3579.0,395
1966,1045.0,395
1967,2210.0,396
1968,1190.0,396
1969,1518.0,396
1970,1326.0,397
1971,1543.0,398
1972,1545.0,399
1973,611.0,400
1974,2138.0,400
1975,3534.0,400
1976,3373.0,401
1977,533.0,402
1978,261.0,403
1979,2409.0,404
1980,3145.0,404
1981,1837.0,404
1982,827.0,405
1983,3580.0,405
1984,1821.0,406
1985,2494.0,407
1986,3132.0,408
1987,1589.0,409
1988,2124.0,410
1989,3290.0,410
1990,423.0,410
1991,3048.0,410
1992,114.0,410
1993,574.0,411
1994,545.0,411
1995,3582.0,412
1996,2912.0,413
1997,773.0,414
1998,1046.0,415
1999,1014.0,416
2000,303.0,417
2002,3607.0,417
2003,2112.0,417
2004,303.0,418
2005,3175.0,418
2006,3221.0,419
2007,2709.0,420
2008,1649.0,420
2009,410.0,421
2010,3184.0,421
2011,1509.0,421
2012,2458.0,422
2013,3145.0,422
2014,2693.0,422
2015,1649.0,423
2016,3296.0,423
2017,1328.0,424
2018,451.0,425
2019,1304.0,425
2020,3622.0,425
2021,2970.0,426
2022,2277.0,426
2023,3489.0,426
2024,3281.0,426
2025,2310.0,426
2026,669.0,426
2027,2388.0,426
2028,913.0,426
2029,3669.0,427
2030,698.0,427
2031,3651.0,427
2032,2774.0,427
2033,477.0,428
2034,2110.0,429
2035,1563.0,429
2036,1563.0,429
2037,2403.0,429
2038,974.0,429
2039,133.0,430
2040,3617.0,431
2041,1282.0,431
2042,2764.0,431
2043,2522.0,431
2044,225.0,432
2045,2132.0,433
2046,3600.0,434
2047,576.0,435
2048,554.0,435
2049,78.0,435
2050,2510.0,435
2051,1665.0,435
2052,1669.0,436
2053,1582.0,437
2054,1974.0,437
2055,2429.0,437
2056,2591.0,437
2057,3257.0,437
2058,3585.0,437
2059,356.0,437
2060,65.0,437
2061,1112.0,438
2062,986.0,439
2063,675.0,439
2064,298.0,439
2065,2635.0,439
2066,3306.0,439
2067,3291.0,439
2068,3486.0,439
2069,2384.0,440
2070,409.0,441
2071,3271.0,441
2072,356.0,441
2073,3023.0,441
2074,1407.0,441
2075,3263.0,441
2076,1388.0,442
2077,2760.0,443
2078,3596.0,444
2079,2936.0,445
2080,3405.0,445
2081,438.0,445
2082,2850.0,446
2083,2190.0,446
2084,699.0,447
2085,2491.0,447
2086,2491.0,447
2087,3620.0,448
2088,2491.0,449
2089,2192.0,450
2090,2189.0,450
2091,2014.0,451
2092,1580.0,452
2093,1814.0,452
2094,2393.0,453
2095,2955.0,454
2096,2069.0,455
2097,3011.0,456
2098,1707.0,457
2099,2109.0,458
2100,3146.0,458
2101,2106.0,458
2102,2081.0,458
2103,2239.0,459
2104,739.0,460
2105,926.0,461
2106,1925.0,461
2108,298.0,461
2109,3031.0,461
2110,351.0,461
2111,3030.0,461
2112,3594.0,461
2113,67.0,461
2114,3013.0,461
2115,1085.0,461
2116,248.0,461
2117,815.0,461
2118,801.0,461
2119,3399.0,461
2120,2106.0,461
2121,3594.0,461
2122,3094.0,461
2123,2418.0,461
2124,1954.0,461
2125,2754.0,462
2126,3112.0,462
2127,991.0,463
2128,146.0,463
2129,916.0,463
2130,3050.0,463
2131,2820.0,464
2132,18.0,464
2133,1865.0,464
2134,1687.0,464
2135,3411.0,464
2136,2607.0,465
2137,3468.0,465
2138,3118.0,466
2139,1738.0,467
2140,2725.0,468
2141,1254.0,469
2142,3106.0,470
2143,1793.0,470
2144,3411.0,470
2145,3444.0,471
2146,1774.0,472
2147,3249.0,472
2148,1904.0,473
2149,3474.0,473
2150,1773.0,473
2152,3015.0,474
2153,1086.0,474
2154,897.0,474
2155,3362.0,474
2156,1418.0,474
2157,1098.0,474
2158,2392.0,474
2159,2011.0,474
2160,1834.0,474
2161,2361.0,475
2162,2328.0,475
2163,757.0,475
2164,1068.0,475
2165,2777.0,475
2166,1825.0,475
2167,2361.0,475
2168,221.0,475
2169,3248.0,475
2170,2989.0,475
2171,1825.0,475
2172,3552.0,475
2173,733.0,475
2174,2730.0,475
2175,2902.0,475
2176,3461.0,475
2177,3552.0,475
2178,956.0,475
2179,1863.0,475
2180,1978.0,476
2181,1180.0,477
2182,1979.0,478
2183,2212.0,479
2184,2212.0,480
2185,1969.0,481
2186,1938.0,481
2187,86.0,481
2188,1939.0,481
2189,2051.0,481
2190,2048.0,482
2191,1973.0,483
2192,1756.0,484
2193,2282.0,485
2194,1981.0,485
2195,2314.0,485
2196,1465.0,485
2197,3637.0,485
2198,181.0,485
2199,2507.0,485
2200,3390.0,485
2201,3674.0,485
2202,89.0,485
2203,2361.0,485
2204,1328.0,486
2205,967.0,487
2206,3613.0,487
2207,2631.0,487
2208,105.0,487
2209,1217.0,488
2210,1994.0,489
2211,2801.0,490
2212,699.0,490
2213,2454.0,491
2214,2917.0,491
2215,3184.0,491
2216,2163.0,491
2217,3198.0,491
2218,158.0,491
2219,1071.0,491
2220,2163.0,491
2221,233.0,492
2222,3157.0,492
2223,507.0,493
2224,2874.0,494
2226,3070.0,494
2228,2814.0,494
2229,1756.0,494
2230,3570.0,494
2232,1689.0,494
2233,1937.0,494
2234,3645.0,494
2236,3476.0,495
2237,3547.0,495
2238,696.0,495
2239,2200.0,495
2240,2789.0,495
2241,3563.0,495
2242,232.0,495
2243,1405.0,495
2244,2968.0,495
2245,3118.0,495
2246,3328.0,495
2247,2525.0,495
2248,2077.0,495
2249,2104.0,495
2250,2152.0,495
2251,3047.0,495
2252,685.0,495
2253,2734.0,495
2254,3131.0,495
2256,974.0,495
2257,2224.0,495
2258,2112.0,495
2259,1609.0,495
2260,2435.0,495
2261,2433.0,495
2262,692.0,495
2263,3579.0,495
2264,1841.0,495
2265,1637.0,495
2266,3645.0,495
2267,3611.0,495
2268,391.0,495
2269,2935.0,495
2270,3620.0,495
2271,685.0,495
2272,2746.0,495
2273,1236.0,495
2274,243.0,495
2275,243.0,495
2276,2734.0,495
2277,2893.0,495
2278,963.0,495
2279,3557.0,495
2280,2322.0,495
2281,1147.0,495
2282,1195.0,495
2283,1839.0,495
2284,2307.0,495
2285,3007.0,495
2286,3131.0,495
2287,391.0,495
2288,762.0,495
2289,1407.0,495
2290,2126.0,495
2291,3007.0,495
2292,1133.0,495
2293,277.0,495
2294,2329.0,495
2295,2343.0,495
2296,3041.0,495
2297,391.0,495
2298,2492.0,495
2299,2745.0,496
2300,1384.0,497
2301,1373.0,498
2302,2306.0,499
2303,2621.0,500
2304,803.0,501
2305,3651.0,501
2306,2910.0,502
2307,427.0,502
2308,2725.0,502
2309,2525.0,502
2310,2077.0,502
2311,925.0,502
2312,427.0,502
2313,3620.0,502
2314,1280.0,502
2315,1802.0,503
2316,1600.0,504
2317,3205.0,505
2318,2525.0,506
2319,2767.0,507
2320,1487.0,507
2321,2427.0,508
2322,3343.0,508
2323,2389.0,508
2324,2184.0,508
2325,3579.0,508
2326,3224.0,508
2327,805.0,508
2328,3360.0,508
2329,3685.0,508
2331,3327.0,508
2332,3677.0,508
2333,2188.0,508
2334,2217.0,508
2335,617.0,509
2336,2959.0,510
2337,2438.0,510
2338,3547.0,510
2339,1155.0,510
2340,3495.0,511
2341,654.0,511
2342,3227.0,511
2343,654.0,512
2344,3606.0,513
2345,812.0,513
2346,102.0,513
2347,1087.0,513
2348,2933.0,513
2349,3621.0,514
2350,144.0,514
2351,3327.0,514
2352,228.0,515
2353,1022.0,516
2354,211.0,516
2355,3433.0,517
2356,2770.0,518
2357,2819.0,518
2358,2986.0,518
2359,2120.0,518
2360,3622.0,519
2361,3175.0,519
2362,1073.0,520
2363,3545.0,520
2364,2194.0,520
2365,1894.0,520
2366,3516.0,520
2367,3147.0,520
2368,1029.0,520
2369,1923.0,520
2370,2894.0,520
2371,800.0,520
2372,83.0,520
2374,3062.0,520
2375,2894.0,520
2376,2433.0,521
2377,3152.0,521
2378,2438.0,521
2379,2436.0,521
2380,3103.0,521
2381,2228.0,521
2382,2430.0,521
2383,3166.0,522
2384,3599.0,522
2385,1851.0,522
2386,1273.0,522
2387,2942.0,523
2388,2830.0,524
2389,2862.0,524
2390,2884.0,524
2391,2887.0,524
2392,3189.0,524
2393,2780.0,524
2394,3499.0,524
2395,3205.0,525
2396,2874.0,526
2397,2885.0,527
2398,3370.0,528
2399,2868.0,529
2400,283.0,530
2401,2542.0,531
2402,1714.0,531
2403,2387.0,532
2404,3474.0,533
2405,1794.0,534
2406,3397.0,535
2407,3131.0,535
2408,136.0,536
2409,3243.0,536
2410,1423.0,536
2411,154.0,536
2412,1783.0,536
2413,503.0,536
2414,1637.0,536
2415,3644.0,536
2416,3571.0,536
2417,3016.0,536
2418,1637.0,536
2419,1366.0,536
2420,1780.0,537
2421,2526.0,537
2422,3492.0,537
2423,2927.0,537
2424,3640.0,537
2425,2053.0,538
2426,3026.0,539
2428,1129.0,539
2429,3274.0,539
2430,1476.0,539
2431,1100.0,539
2432,37.0,540
2433,1658.0,541
2434,642.0,541
2435,3250.0,541
2436,2709.0,541
2437,1060.0,541
2438,348.0,541
2439,764.0,541
2440,1762.0,541
2441,456.0,542
2442,2092.0,542
2443,2167.0,543
2444,1929.0,543
2445,2639.0,544
2446,2003.0,544
2447,2076.0,545
2448,3252.0,546
2449,2912.0,546
2450,835.0,546
2451,2310.0,546
2452,2692.0,547
2453,2990.0,548
2454,162.0,548
2455,2858.0,548
2456,745.0,548
2457,59.0,549
2458,366.0,550
2459,416.0,550
2460,3462.0,550
2461,442.0,550
2462,419.0,550
2463,371.0,550
2464,346.0,550
2465,364.0,550
2466,99.0,550
2467,424.0,550
2468,415.0,550
2469,397.0,550
2470,2812.0,550
2471,764.0,551
2472,374.0,551
2473,3462.0,551
2474,2612.0,551
2475,404.0,551
2476,2200.0,551
2477,1215.0,552
2478,66.0,553
2479,3249.0,554
2480,2565.0,555
2481,891.0,555
2483,2109.0,556
2484,2104.0,557
2485,3050.0,557
2486,3040.0,558
2487,795.0,558
2488,2620.0,559
2489,3137.0,559
2490,2564.0,559
2491,3032.0,559
2492,2560.0,559
2493,1848.0,560
2494,2527.0,560
2495,2317.0,560
2496,3064.0,560
2497,1917.0,560
2498,2587.0,560
2499,3644.0,560
2500,1133.0,560
2501,1865.0,560
2502,2658.0,560
2503,3619.0,560
2504,3249.0,561
2505,3031.0,561
2506,3249.0,561
2507,248.0,562
2508,1841.0,562
2509,1923.0,563
2510,1534.0,563
2511,2634.0,564
2512,265.0,565
2513,2602.0,565
2514,1731.0,565
2515,2480.0,566
2516,124.0,566
2517,3146.0,567
2518,3033.0,568
2519,1560.0,568
2520,1969.0,568
2521,974.0,568
2522,3183.0,568
2523,2402.0,569
2524,1577.0,570
2525,3201.0,570
2526,3679.0,570
2527,3404.0,571
2528,2704.0,572
2529,555.0,572
2530,1771.0,573
2531,1100.0,573
2532,3101.0,573
2533,2404.0,573
2534,280.0,573
2535,3612.0,573
2536,1497.0,573
2537,2067.0,573
2538,1936.0,573
2539,2708.0,573
2540,135.0,573
2541,2573.0,573
2542,692.0,573
2543,3687.0,573
2544,1609.0,573
2545,1166.0,573
2546,3230.0,574
2547,1087.0,574
2548,106.0,574
2549,699.0,574
2551,3184.0,574
2552,3251.0,574
2553,1085.0,574
2554,2184.0,574
2555,2632.0,575
2556,1395.0,576
2557,2888.0,577
2558,2965.0,578
2559,3622.0,579
2560,2905.0,580
2561,593.0,580
2562,3676.0,580
2563,719.0,581
2564,3096.0,581
2565,3272.0,581
2566,1170.0,582
2567,1749.0,582
2568,3159.0,583
2569,111.0,584
2570,2994.0,584
2571,750.0,584
2572,3199.0,584
2573,3639.0,584
2574,2977.0,584
2575,223.0,584
2576,1332.0,584
2577,2983.0,584
2578,3627.0,584
2579,1819.0,585
2580,41.0,585
2581,3653.0,585
2582,3677.0,586
2583,265.0,586
2584,2801.0,586
2585,2496.0,586
2586,991.0,586
2587,3620.0,586
2588,2328.0,586
2589,3607.0,586
2590,2723.0,586
2591,1905.0,587
2592,1697.0,587
2593,1695.0,587
2594,606.0,587
2595,1750.0,587
2596,1701.0,587
2597,1743.0,587
2598,1739.0,587
2599,1721.0,587
2600,1729.0,587
2601,1672.0,587
2602,1730.0,587
2603,2771.0,587
2604,1692.0,587
2605,1689.0,587
2606,1733.0,587
2607,1715.0,587
2608,1714.0,587
2609,1679.0,587
2610,1669.0,587
2611,1575.0,588
2612,3259.0,589
2613,992.0,590
2614,1648.0,590
2615,897.0,590
2616,2538.0,591
2617,2194.0,591
2618,367.0,591
2619,1817.0,591
2620,2393.0,591
2621,2189.0,592
2622,2188.0,593
2623,3675.0,594
2625,3657.0,595
2626,3183.0,596
2627,2083.0,596
2628,2574.0,597
2629,899.0,597
2630,451.0,597
2631,887.0,597
2632,3401.0,597
2633,3521.0,597
2634,2568.0,597
2635,3104.0,598
2636,2284.0,598
2637,322.0,599
2638,3328.0,600
2639,2889.0,600
2640,2364.0,600
2641,1768.0,600
2642,1754.0,600
2643,1605.0,601
2644,2313.0,602
2645,2831.0,603
2646,3638.0,603
2647,2400.0,603
2648,223.0,603
2649,3673.0,603
2650,1040.0,603
2651,1923.0,604
2652,2983.0,604
2653,3168.0,604
2654,1793.0,605
2655,2475.0,606
2656,253.0,606
2657,3590.0,606
2658,997.0,606
2659,290.0,606
2660,2136.0,606
2661,1845.0,606
2662,265.0,607
2663,2465.0,608
2664,2464.0,609
2665,2214.0,610
2666,3301.0,610
2667,3596.0,610
2668,1289.0,611
2669,848.0,611
2670,3408.0,612
2671,1637.0,613
2672,154.0,614
2673,3283.0,615
2674,1203.0,615
2675,3204.0,615
2676,3526.0,615
2677,1265.0,615
2678,2972.0,615
2679,2217.0,615
2680,1365.0,615
2681,2872.0,615
2682,834.0,615
2683,806.0,615
2684,3224.0,615
2685,3051.0,615
2686,2217.0,615
2687,3204.0,615
2688,1106.0,615
2689,2989.0,615
2690,1278.0,615
2691,1915.0,615
2692,930.0,615
2693,1827.0,615
2694,1366.0,615
2695,536.0,615
2696,3124.0,616
2697,3154.0,616
2698,3124.0,616
2699,89.0,616
2700,829.0,617
2701,2693.0,618
2702,2735.0,619
2703,2734.0,619
2704,2527.0,619
2705,2740.0,619
2706,2660.0,619
2707,2436.0,619
2708,1072.0,619
2709,1699.0,619
2710,2660.0,619
2711,2463.0,620
2712,3645.0,621
2713,1751.0,621
2714,2470.0,621
2715,1622.0,621
2716,3101.0,621
2717,539.0,621
2718,706.0,621
2719,3658.0,622
2720,3260.0,622
2721,1881.0,622
2722,945.0,622
2723,3644.0,622
2724,3644.0,622
2725,226.0,623
2726,2926.0,624
2727,1896.0,625
2728,963.0,625
2729,193.0,625
2730,3451.0,626
2731,958.0,626
2732,49.0,627
2733,1849.0,628
2734,1890.0,628
2735,1853.0,628
2736,946.0,628
2737,3413.0,629
2738,1118.0,629
2739,2594.0,629
2740,702.0,629
2741,2257.0,630
2742,169.0,630
2743,2264.0,630
2744,2230.0,630
2745,1759.0,631
2746,2317.0,631
2747,1250.0,632
2748,2084.0,632
2749,2960.0,632
2750,3561.0,632
2751,2478.0,633
2752,1841.0,633
2753,3246.0,633
2754,2668.0,633
2756,2462.0,633
2757,3550.0,633
2758,3290.0,633
2759,3006.0,633
2760,2214.0,633
2761,176.0,633
2762,290.0,633
2763,3190.0,633
2764,886.0,633
2765,1032.0,633
2766,559.0,633
2767,2684.0,633
2768,2130.0,633
2769,848.0,633
2770,3306.0,633
2771,2470.0,634
2772,3159.0,635
2773,1763.0,635
2774,2643.0,635
2775,2790.0,636
2776,435.0,636
2777,1643.0,636
2778,1779.0,637
2779,1490.0,637
2780,3396.0,637
2781,3198.0,637
2782,2839.0,637
2783,3454.0,637
2784,3410.0,637
2785,3015.0,637
2786,1159.0,637
2787,559.0,637
2788,3014.0,637
2789,3433.0,637
2790,2131.0,638
2791,1355.0,639
2792,3424.0,640
2793,2843.0,641
2794,3174.0,642
2796,956.0,643
2797,405.0,643
2798,3550.0,644
2799,1215.0,645
2800,1880.0,646
2801,2084.0,646
2802,1647.0,646
2803,1880.0,647
2804,3310.0,648
2805,2959.0,648
2806,2668.0,648
2807,2488.0,649
2808,1904.0,649
2809,2564.0,649
2810,3274.0,649
2811,2912.0,649
2812,2968.0,649
2813,1925.0,649
2814,3561.0,650
2815,2325.0,651
2816,3623.0,651
2817,690.0,651
2818,1833.0,651
2819,980.0,652
2820,2156.0,652
2821,3541.0,652
2822,1899.0,652
2823,1879.0,652
2824,2784.0,652
2825,1629.0,652
2826,625.0,653
2827,3234.0,654
2828,3577.0,654
2829,762.0,655
2830,2534.0,656
2831,3129.0,657
2832,2040.0,658
2833,1665.0,659
2834,1949.0,659
2835,2038.0,659
2836,3693.0,660
2837,1315.0,660
2838,1099.0,660
2839,2700.0,660
2840,1468.0,660
2841,3607.0,660
2842,2476.0,660
2843,2329.0,660
2844,2399.0,660
2845,3074.0,660
2846,695.0,661
2847,2599.0,661
2848,1273.0,661
2849,965.0,662
2850,569.0,663
2851,1272.0,663
2852,2415.0,663
2853,839.0,663
2854,1035.0,664
2855,1034.0,664
2856,1042.0,664
2857,1030.0,665
2858,3585.0,665
2859,2375.0,666
2860,1851.0,667
2861,3084.0,667
2862,189.0,667
2863,3259.0,667
2864,1879.0,667
2865,3099.0,667
2866,3403.0,668
2867,3274.0,668
2868,1717.0,669
2869,1010.0,670
2870,436.0,671
2871,433.0,671
2872,419.0,671
2873,349.0,671
2874,400.0,671
2875,1572.0,671
2876,1164.0,671
2877,379.0,671
2878,1486.0,671
2879,369.0,671
2880,389.0,671
2881,442.0,671
2882,2106.0,672
2883,1167.0,673
2884,167.0,674
2885,3245.0,674
2886,1959.0,675
2887,1313.0,676
2888,3245.0,677
2889,1313.0,678
2890,318.0,679
2891,2106.0,679
2892,2383.0,680
2893,3446.0,681
2894,3353.0,681
2895,1046.0,681
2896,1355.0,681
2897,1361.0,681
2898,2964.0,681
2899,1367.0,681
2900,1169.0,681
2901,1333.0,681
2902,1172.0,682
2903,2818.0,683
2904,455.0,683
2905,2678.0,684
2906,3306.0,685
2907,2660.0,685
2908,510.0,686
2909,3646.0,686
2910,1886.0,687
2911,211.0,688
2912,3677.0,689
2914,111.0,690
2915,1851.0,690
2916,2760.0,691
2917,497.0,692
2918,2409.0,693
2919,972.0,694
2920,871.0,694
2921,2167.0,694
2922,3236.0,694
2923,1306.0,695
2924,3475.0,696
2925,1778.0,696
2926,2194.0,697
2927,1246.0,698
2928,1217.0,698
2929,2925.0,698
2930,2413.0,698
2931,1223.0,698
2932,1237.0,698
2933,1218.0,698
2934,3048.0,698
2935,1236.0,698
2936,1260.0,698
2937,1987.0,698
2938,1247.0,698
2939,1252.0,698
2940,1236.0,698
2941,1216.0,698
2942,1226.0,698
2943,1244.0,698
2944,430.0,699
2945,795.0,699
2946,3498.0,700
2947,1207.0,700
2948,2300.0,700
2949,3503.0,701
2950,3607.0,702
2951,580.0,703
2952,3162.0,703
2953,3610.0,703
2954,2680.0,703
2955,1246.0,703
2956,3028.0,704
2957,3184.0,705
2958,2635.0,705
2959,2481.0,705
2960,842.0,705
2961,800.0,705
2962,3101.0,705
2963,2897.0,706
2964,1076.0,706
2965,2444.0,706
2966,2392.0,707
2967,3043.0,708
2968,3274.0,708
2969,2389.0,709
2970,2591.0,709
2971,3273.0,709
2972,1655.0,710
2973,853.0,710
2974,1656.0,710
2975,2754.0,710
2976,1906.0,711
2977,3291.0,711
2978,1247.0,711
2979,1030.0,711
2980,1854.0,711
2981,1347.0,712
2982,464.0,712
2983,160.0,713
2984,1805.0,714
2985,2302.0,715
2986,606.0,716
2987,3149.0,716
2988,2350.0,717
2989,2540.0,718
2990,3370.0,719
2991,3368.0,719
2992,2767.0,719
2993,1948.0,719
2994,3367.0,719
2995,3509.0,719
2996,506.0,720
2997,3482.0,720
2998,1512.0,720
2999,3117.0,720
3000,2819.0,721
3002,2986.0,722
3003,1105.0,723
3004,2008.0,723
3005,2990.0,724
3006,1059.0,725
3007,2685.0,725
3008,925.0,725
3009,3649.0,725
3010,2685.0,725
3011,2378.0,725
3012,1344.0,725
3013,172.0,725
3014,1799.0,725
3015,2388.0,725
3016,2928.0,725
3017,2767.0,725
3018,3413.0,725
3019,1164.0,726
3020,431.0,727
3021,2046.0,727
3022,820.0,727
3023,2513.0,727
3024,2736.0,727
3025,519.0,727
3026,569.0,727
3027,578.0,727
3028,3126.0,727
3029,1529.0,727
3030,3520.0,727
3031,3691.0,727
3032,2601.0,727
3033,3322.0,728
3034,2077.0,728
3035,2807.0,728
3036,1515.0,728
3037,816.0,728
3038,2989.0,728
3039,3281.0,728
3040,1306.0,728
3041,2381.0,728
3042,2377.0,728
3043,3650.0,728
3044,3652.0,728
3045,154.0,728
3046,154.0,728
3047,3668.0,728
3048,3552.0,729
3049,3610.0,729
3050,75.0,730
3051,681.0,730
3052,2686.0,730
3053,680.0,730
3055,647.0,732
3056,439.0,733
3058,2341.0,735
3059,223.0,735
3060,978.0,735
3061,448.0,736
3062,3652.0,737
3063,292.0,737
3064,971.0,737
3065,2867.0,737
3066,1397.0,738
3067,55.0,739
3068,815.0,739
3069,1363.0,739
3070,806.0,739
3071,55.0,739
3072,55.0,739
3073,1359.0,739
3074,55.0,739
3075,1081.0,739
3076,167.0,739
3077,201.0,740
3078,217.0,741
3079,277.0,741
3080,221.0,742
3081,3673.0,743
3082,2342.0,743
3083,2949.0,743
3084,2530.0,743
3085,3637.0,743
3086,2227.0,743
3087,228.0,743
3088,989.0,743
3089,3672.0,743
3091,2916.0,743
3092,227.0,744
3093,226.0,745
3094,255.0,746
3095,984.0,747
3096,3290.0,748
3097,1547.0,748
3098,2676.0,749
3099,1679.0,750
3100,1651.0,750
3101,2126.0,751
3102,839.0,752
3103,1659.0,753
3104,2744.0,754
3105,1692.0,754
3106,3399.0,755
3107,2611.0,756
3108,3421.0,756
3109,1589.0,757
3110,506.0,757
3111,185.0,757
3112,3692.0,757
3113,3066.0,758
3114,3074.0,758
3115,2801.0,759
3116,970.0,760
3117,3109.0,760
3118,3623.0,760
3119,715.0,761
3120,1679.0,761
3121,907.0,761
3122,1086.0,761
3123,3174.0,761
3124,3662.0,761
3125,2919.0,761
3126,1979.0,762
3127,3159.0,763
3128,3628.0,764
3129,143.0,765
3130,1512.0,766
3131,2778.0,767
3132,3674.0,768
3133,2314.0,768
3134,1589.0,768
3135,951.0,768
3136,943.0,768
3137,3141.0,769
3138,2532.0,770
3139,89.0,771
3140,2766.0,771
3141,3111.0,772
3142,606.0,773
3143,3060.0,773
3144,409.0,773
3145,1133.0,773
3146,2200.0,773
3147,3545.0,774
3148,1092.0,774
3150,2116.0,775
3151,2660.0,776
3152,3166.0,777
3153,2892.0,778
3154,3302.0,778
3155,2577.0,779
3156,3500.0,780
3157,2519.0,781
3158,2331.0,782
3159,1812.0,783
3160,2292.0,784
3161,2804.0,785
3162,3675.0,786
3163,3491.0,787
3164,3304.0,788
3165,3225.0,789
3166,3527.0,790
3167,123.0,790
3168,3536.0,791
3169,2496.0,792
3170,311.0,792
3171,2900.0,793
3172,2926.0,793
3173,684.0,793
3174,715.0,794
3175,2776.0,795
3176,2913.0,795
3177,661.0,796
3178,3164.0,797
3179,2535.0,798
3180,2752.0,799
3181,1242.0,799
3182,3585.0,800
3183,1937.0,801
3184,151.0,802
3185,1886.0,803
3186,2892.0,804
3187,2761.0,805
3188,2423.0,806
3189,1774.0,807
3190,1234.0,807
3191,2539.0,808
3192,3428.0,809
3193,3488.0,809
3194,3307.0,809
3195,3491.0,809
3196,225.0,809
3197,3597.0,810
3198,3101.0,810
3199,2782.0,811
3200,2183.0,812
3201,2712.0,812
3202,3123.0,812
3203,1686.0,813
3204,1746.0,813
3205,611.0,814
3206,2892.0,815
3207,2601.0,815
3208,2808.0,815
3209,973.0,816
3210,589.0,817
3211,50.0,817
3212,3415.0,817
3213,284.0,818
3214,1040.0,818
3215,2052.0,818
3216,713.0,818
3217,891.0,818
3218,3442.0,818
3219,1195.0,819
3220,2462.0,819
3221,2475.0,819
3222,3198.0,819
3223,3647.0,820
3224,2600.0,820
3225,1448.0,821
3226,674.0,822
3227,1603.0,822
3228,2567.0,823
3229,2355.0,824
3230,3617.0,825
3231,3295.0,826
3232,2314.0,826
3233,2311.0,826
3234,3087.0,826
3235,1467.0,826
3236,1798.0,826
3237,3508.0,826
3238,2816.0,826
3239,1443.0,826
3240,1633.0,826
3241,3687.0,827
3242,2012.0,827
3243,2624.0,827
3244,2531.0,827
3245,3390.0,827
3246,3546.0,828
3247,3327.0,828
3248,2531.0,828
3249,1512.0,828
3250,3621.0,828
3251,96.0,829
3252,3295.0,829
3253,1073.0,829
3254,3358.0,830
3255,1341.0,830
3256,733.0,830
3257,1370.0,830
3258,3353.0,830
3259,612.0,830
3261,1454.0,830
3262,1389.0,830
3263,2531.0,830
3265,1397.0,830
3266,1979.0,830
3267,1384.0,830
3268,3052.0,830
3269,3431.0,830
3270,3669.0,830
3271,3281.0,830
3272,9.0,830
3273,440.0,831
3274,3598.0,832
3277,3145.0,833
3278,3290.0,833
3280,166.0,834
3281,37.0,834
3282,2562.0,834
3283,1101.0,834
3284,1584.0,835
3285,690.0,836
3286,3545.0,836
3287,695.0,836
3288,49.0,837
3289,1845.0,838
3290,2951.0,838
3291,3137.0,839
3292,3413.0,839
3293,1156.0,839
3294,2565.0,839
3295,1602.0,839
3296,3038.0,839
3297,282.0,839
3298,3667.0,840
3299,96.0,841
3300,3556.0,842
3301,2487.0,842
3302,3550.0,843
3303,1723.0,843
3304,3631.0,843
3305,185.0,844
3306,3084.0,844
3307,3552.0,845
3308,2194.0,845
3310,2159.0,845
3311,669.0,846
3312,3594.0,846
3313,1175.0,846
3314,2446.0,846
3315,3281.0,847
3316,2384.0,847
3317,3685.0,847
3318,3008.0,848
3319,477.0,849
3320,2706.0,850
3321,3591.0,851
3322,1857.0,851
3323,1468.0,851
3324,3480.0,852
3325,2920.0,852
3326,886.0,852
3327,3200.0,853
3328,2605.0,854
3329,1192.0,855
3330,1191.0,855
3331,1190.0,855
3332,346.0,856
3333,653.0,856
3334,3462.0,856
3335,3462.0,857
3336,359.0,858
3337,355.0,859
3338,3493.0,859
3339,1103.0,860
3340,690.0,860
3341,3627.0,860
3342,2557.0,860
3343,1507.0,860
3344,3409.0,860
3345,2973.0,860
3346,2978.0,860
3348,1609.0,860
3349,1482.0,861
3350,2050.0,861
3351,2189.0,862
3352,925.0,863
3353,2749.0,863
3354,3373.0,864
3355,3142.0,864
3356,175.0,865
3357,2477.0,866
3358,2169.0,867
3359,703.0,868
3360,3413.0,869
3361,3599.0,870
3362,2921.0,870
3363,886.0,870
3364,3188.0,870
3365,106.0,871
3366,3302.0,871
3367,3693.0,871
3368,1977.0,871
3369,2924.0,871
3370,2599.0,871
3371,2519.0,871
3372,2678.0,871
3373,1155.0,871
3374,3596.0,872
3375,2896.0,873
3376,3297.0,874
3377,3565.0,874
3378,3298.0,874
3379,2172.0,875
3380,2562.0,876
3381,421.0,877
3383,2626.0,878
3384,2625.0,878
3385,2625.0,878
3386,669.0,879
3387,3146.0,879
3388,45.0,879
3389,3534.0,879
3390,3399.0,879
3391,3170.0,879
3392,3033.0,879
3393,2895.0,879
3394,3271.0,879
3395,1678.0,879
3396,38.0,879
3397,2396.0,879
3398,3152.0,879
3399,1891.0,880
3400,2217.0,881
3401,913.0,881
3402,3413.0,882
3403,1063.0,882
3404,3365.0,883
3405,3281.0,883
3406,1266.0,883
3407,3036.0,883
3408,3655.0,883
3409,2463.0,884
3410,3458.0,885
3411,3268.0,885
3412,3327.0,886
3413,3620.0,887
3414,3102.0,887
3415,3249.0,887
3416,2491.0,887
3417,3408.0,887
3418,2078.0,887
3419,2436.0,887
3420,286.0,887
3421,3007.0,888
3422,2894.0,889
3423,3583.0,890
3424,2179.0,891
3425,21.0,892
3426,99.0,892
3427,3678.0,892
3428,1900.0,892
3429,1070.0,892
3430,2084.0,892
3431,147.0,892
3432,2484.0,893
3433,2475.0,894
3434,2474.0,894
3435,2468.0,894
3436,2478.0,894
3437,3618.0,894
3438,2934.0,894
3439,2143.0,894
3440,2485.0,894
3441,3576.0,894
3442,1496.0,894
3443,3442.0,894
3444,3301.0,894
3445,3661.0,894
3446,2585.0,894
3447,2453.0,894
3448,771.0,894
3449,2460.0,895
3450,3623.0,896
3451,2647.0,896
3452,2173.0,896
3453,3072.0,897
3454,3199.0,897
3455,2633.0,897
3456,783.0,898
3457,609.0,899
3458,2153.0,900
3459,3464.0,901
3460,2023.0,902
3461,3017.0,902
3462,2027.0,902
3463,2075.0,902
3464,3662.0,902
3465,3657.0,902
3466,821.0,903
3467,1659.0,904
3468,1062.0,905
3469,1475.0,905
3470,1156.0,906
3471,2226.0,906
3472,3630.0,907
3473,176.0,907
3474,3597.0,908
3475,473.0,908
3476,125.0,908
3477,3143.0,908
3478,3016.0,909
3479,1455.0,910
3480,587.0,910
3481,1199.0,910
3482,542.0,911
3483,1809.0,912
3485,32.0,914
3486,3470.0,915
3487,3125.0,916
3488,1998.0,916
3489,3286.0,917
3490,2580.0,918
3491,321.0,919
3492,126.0,920
3493,2132.0,920
3494,1050.0,920
3495,3132.0,921
3496,2653.0,921
3497,983.0,922
3498,2838.0,923
3499,2046.0,923
3500,126.0,924
3501,21.0,924
3502,778.0,925
3503,25.0,925
3504,2653.0,925
3505,4.0,925
3506,3125.0,925
3507,1017.0,925
3508,1395.0,925
3509,3132.0,925
3510,2373.0,925
3511,3083.0,925
3512,2308.0,925
3513,1754.0,925
3514,2507.0,925
3515,3546.0,925
3516,3546.0,925
3517,3244.0,925
3518,896.0,925
3519,3306.0,926
3520,1629.0,927
3521,3408.0,927
3522,974.0,928
3523,26.0,929
3524,3558.0,930
3525,3557.0,930
3526,3210.0,931
3527,3568.0,932
3528,2342.0,932
3529,1255.0,933
3530,3213.0,934
3531,3078.0,935
3532,2240.0,936
3533,2955.0,937
3534,3597.0,938
3535,3470.0,938
3536,2897.0,938
3537,192.0,939
3538,972.0,940
3539,40.0,941
3540,1371.0,942
3541,2951.0,943
3542,2485.0,943
3543,3209.0,944
3544,3122.0,944
3545,419.0,944
3546,1524.0,945
3547,1800.0,945
3548,3144.0,945
3549,1969.0,946
3550,2112.0,946
3551,3016.0,946
3552,806.0,947
3553,2793.0,948
3554,2077.0,948
3555,35.0,949
3556,1365.0,950
3557,815.0,950
3558,1335.0,950
3559,3124.0,951
3560,1382.0,951
3561,3423.0,951
3562,3227.0,952
3563,3499.0,952
3564,1355.0,952
3565,2120.0,953
3566,3404.0,953
3567,549.0,954
3569,3112.0,955
3571,2903.0,956
3572,2906.0,956
3573,539.0,957
3574,545.0,957
3575,3451.0,958
3576,3676.0,958
3577,3442.0,959
3578,2501.0,959
3579,29.0,960
3580,1905.0,960
3581,932.0,960
3582,34.0,960
3583,2077.0,961
3584,2073.0,961
3585,684.0,962
3586,524.0,963
3587,2879.0,964
3588,3018.0,964
3589,3019.0,964
3590,2088.0,964
3591,3422.0,965
3592,1644.0,965
3593,1362.0,965
3594,634.0,966
3595,3283.0,967
3596,1270.0,967
3597,1093.0,968
3598,985.0,969
3599,2457.0,970
3600,2924.0,970
3601,2328.0,970
3602,2480.0,970
3603,2933.0,970
3604,3301.0,970
3605,3646.0,970
3606,2919.0,970
3607,2471.0,970
3608,3638.0,971
3609,1385.0,972
3610,3227.0,972
3611,3423.0,972
3612,3651.0,973
3613,2364.0,973
3614,2770.0,974
3615,1319.0,975
3616,2692.0,976
3617,2417.0,976
3618,3609.0,976
3619,3627.0,976
3620,1995.0,976
3621,2346.0,976
3622,2734.0,976
3623,1995.0,976
3624,1899.0,976
3625,2513.0,976
3626,3553.0,976
3627,154.0,976
3628,1787.0,976
3629,3658.0,976
3630,3645.0,976
3631,2168.0,976
3632,1609.0,976
3633,1154.0,977
3634,3215.0,978
3635,3550.0,978
3636,3623.0,979
3637,844.0,979
3638,2331.0,979
3639,2926.0,979
3640,2723.0,979
3641,3522.0,979
3642,2300.0,980
3643,3129.0,980
3644,2812.0,981
3645,2095.0,981
3646,1774.0,981
3647,3686.0,981
3648,2961.0,981
3649,1659.0,981
3650,2754.0,981
3651,3683.0,981
3652,2062.0,981
3653,1197.0,981
3654,2815.0,981
3655,3692.0,981
3656,203.0,981
3657,3470.0,981
3658,3096.0,981
3659,1517.0,981
3660,3539.0,981
3661,2585.0,981
3662,3689.0,982
3663,1423.0,983
3664,461.0,984
3665,2989.0,985
3666,817.0,986
3667,598.0,987
3668,946.0,988
3669,3674.0,988
3670,964.0,988
3671,902.0,989
3672,126.0,989
3673,3622.0,989
3674,3191.0,989
3675,788.0,990
3676,556.0,990
3677,72.0,991
3678,3579.0,992
3679,3112.0,992
3680,2692.0,992
3681,2228.0,993
3682,3545.0,993
3683,1020.0,994
3684,2767.0,995
3685,1162.0,995
3686,3228.0,995
3687,3545.0,996
3688,3396.0,997
3689,816.0,997
3690,3086.0,997
3691,2857.0,997
3692,745.0,997
3693,3132.0,997
3694,2856.0,997
3696,3125.0,998
3697,2006.0,998
3698,2414.0,998
3699,1081.0,998
3700,1460.0,999
3701,3399.0,1000
3702,291.0,1001
3703,984.0,1002
3704,3656.0,1003
3705,2966.0,1003
3706,2399.0,1003
3707,1575.0,1003
3708,2490.0,1003
3709,1819.0,1003
3710,3122.0,1003
3711,3603.0,1003
3712,3333.0,1003
3713,3191.0,1003
3714,2060.0,1003
3715,2959.0,1003
3716,3693.0,1003
3717,3076.0,1003
3718,136.0,1003
3719,155.0,1003
3720,2986.0,1004
3721,3646.0,1005
3722,3593.0,1005
3723,596.0,1006
3724,2217.0,1007
3725,724.0,1008
3726,3275.0,1009
3727,2217.0,1009
3728,467.0,1010
3729,3274.0,1011
3730,443.0,1012
3731,435.0,1013
3732,413.0,1014
3733,448.0,1015
3734,3399.0,1016
3735,1928.0,1017
3736,2.0,1018
3737,1.0,1018
3738,2443.0,1019
3739,3576.0,1019
3740,2430.0,1019
3741,1790.0,1020
3742,1914.0,1021
3743,1966.0,1022
3744,1930.0,1022
3745,3471.0,1023
3746,2585.0,1024
3747,678.0,1024
3748,2680.0,1024
3749,2358.0,1025
3750,59.0,1026
3751,3106.0,1026
3752,2754.0,1026
3753,2601.0,1027
3754,3214.0,1028
3755,600.0,1028
3756,360.0,1029
3757,2462.0,1030
3758,2419.0,1031
3759,1186.0,1032
3760,633.0,1033
3761,2159.0,1034
3762,2899.0,1035
3763,3008.0,1036
3764,1622.0,1036
3765,20.0,1037
3766,458.0,1038
3767,788.0,1039
3768,2907.0,1039
3769,3539.0,1039
3770,3147.0,1039
3771,333.0,1040
3772,3008.0,1041
3773,3109.0,1042
3774,2195.0,1042
3775,3307.0,1042
3776,3109.0,1042
3777,2195.0,1042
3779,2183.0,1043
3780,2182.0,1044
3781,2722.0,1045
3782,1166.0,1046
3783,3678.0,1047
3784,939.0,1047
3785,936.0,1047
3786,1754.0,1048
3787,1082.0,1048
3788,2307.0,1048
3789,1017.0,1048
3790,782.0,1048
3791,508.0,1049
3792,509.0,1049
3793,615.0,1050
3794,312.0,1051
3795,854.0,1052
3796,2982.0,1052
3797,3167.0,1052
3798,3620.0,1052
3799,2607.0,1052
3800,605.0,1053
3801,244.0,1054
3802,1739.0,1055
3803,2615.0,1055
3804,1816.0,1056
3805,1295.0,1057
3806,3110.0,1058
3807,2200.0,1058
3808,2200.0,1058
3809,678.0,1059
3810,3623.0,1060
3811,1507.0,1061
3812,3431.0,1062
3813,9.0,1063
3814,3668.0,1063
3815,2532.0,1063
3816,2414.0,1064
3817,1412.0,1065
3818,1490.0,1066
3819,3119.0,1066
3820,506.0,1066
3821,1934.0,1066
3822,377.0,1066
3823,429.0,1066
3825,389.0,1066
3826,2348.0,1066
3827,191.0,1066
3828,3045.0,1066
3829,2034.0,1066
3830,1274.0,1066
3832,1949.0,1066
3833,1175.0,1066
3834,21.0,1066
3835,3004.0,1066
3836,1180.0,1066
3837,3434.0,1066
3838,1956.0,1066
3839,3234.0,1067
3840,860.0,1068
3841,2379.0,1069
3842,3576.0,1070
3843,396.0,1071
3844,1068.0,1072
3845,1728.0,1072
3846,2915.0,1072
3847,3516.0,1072
3848,2663.0,1072
3849,2180.0,1072
3850,1066.0,1072
3851,521.0,1073
3852,630.0,1073
3853,842.0,1073
3854,2898.0,1073
3855,1385.0,1074
3856,655.0,1075
3857,3423.0,1075
3858,2877.0,1075
3859,3486.0,1076
3860,3677.0,1077
3861,1046.0,1078
3862,1046.0,1078
3863,1336.0,1079
3864,1368.0,1079
3865,1616.0,1079
3866,153.0,1079
3867,2846.0,1079
3868,3284.0,1079
3869,1276.0,1079
3870,2217.0,1080
3871,2859.0,1080
3872,3529.0,1080
3873,2854.0,1080
3874,630.0,1081
3875,305.0,1082
3876,2441.0,1082
3877,1725.0,1083
3878,2275.0,1084
3879,3482.0,1084
3880,980.0,1085
3881,2239.0,1085
3882,2660.0,1086
3883,2708.0,1086
3884,1841.0,1087
3885,2817.0,1087
3886,1496.0,1088
3887,2951.0,1089
3888,40.0,1090
3889,2924.0,1091
3890,2598.0,1092
3891,994.0,1093
3892,1845.0,1094
3893,3041.0,1095
3895,3664.0,1095
3896,3171.0,1096
3897,43.0,1097
3898,3244.0,1098
3899,3311.0,1098
3900,3649.0,1099
3901,3648.0,1099
3902,808.0,1099
3903,250.0,1099
3904,2791.0,1099
3905,3398.0,1099
3906,2055.0,1100
3907,3300.0,1101
3908,798.0,1102
3909,635.0,1102
3910,2938.0,1103
3911,2904.0,1103
3912,3646.0,1104
3913,2011.0,1105
3914,3565.0,1106
3915,2956.0,1107
3916,3298.0,1108
3917,1998.0,1109
3918,749.0,1110
3919,1624.0,1111
3920,2159.0,1112
3921,3568.0,1113
3922,1937.0,1114
3923,423.0,1114
3924,3078.0,1115
3925,3109.0,1116
3926,3494.0,1117
3927,2326.0,1118
3928,1608.0,1119
3929,3407.0,1119
3930,1645.0,1120
3931,3300.0,1120
3932,3649.0,1120
3933,3337.0,1120
3934,3395.0,1120
3935,3352.0,1120
3936,3093.0,1120
3937,2766.0,1120
3938,3327.0,1120
3939,3322.0,1120
3940,1998.0,1120
3941,3092.0,1120
3942,3106.0,1121
3943,1019.0,1122
3944,3486.0,1122
3945,3221.0,1122
3946,3507.0,1123
3947,2950.0,1124
3948,1930.0,1125
3949,2522.0,1126
3950,3253.0,1126
3951,2522.0,1126
3952,1415.0,1127
3953,1524.0,1128
3954,1927.0,1129
3955,3212.0,1130
3956,2790.0,1130
3957,3651.0,1131
3958,3635.0,1132
3959,2767.0,1132
3960,2630.0,1133
3961,3481.0,1134
3962,2473.0,1135
3963,3623.0,1136
3964,3305.0,1136
3965,1810.0,1136
3966,1789.0,1137
3967,363.0,1138
3968,2986.0,1139
3969,1460.0,1140
3970,730.0,1140
3971,374.0,1140
3972,3188.0,1141
3973,3488.0,1141
3974,3406.0,1141
3975,1883.0,1142
3976,3056.0,1142
3977,1839.0,1142
3978,1841.0,1142
3979,1867.0,1142
3980,2455.0,1143
3981,2359.0,1143
3982,2248.0,1143
3983,1820.0,1143
3984,78.0,1144
3985,3046.0,1145
3986,3407.0,1145
3987,1928.0,1145
3988,3408.0,1145
3989,1076.0,1145
3990,3059.0,1146
3991,1479.0,1147
3992,967.0,1148
3993,2461.0,1148
3994,823.0,1149
3995,1304.0,1149
3996,1892.0,1150
3997,1900.0,1150
3998,1886.0,1150
3999,1858.0,1151
4000,1880.0,1151
4001,1864.0,1151
4002,2054.0,1152
4003,2065.0,1153
4004,1020.0,1153
4005,473.0,1154
4006,1496.0,1155
4007,2620.0,1155
4008,3036.0,1155
4009,2813.0,1156
4010,2476.0,1156
4011,2518.0,1157
4012,2513.0,1157
4013,2533.0,1157
4014,330.0,1157
4015,2677.0,1158
4016,824.0,1158
4017,826.0,1158
4018,2916.0,1158
4019,2916.0,1158
4021,2669.0,1158
4022,1127.0,1158
4023,2673.0,1158
4024,2404.0,1159
4025,3687.0,1159
4026,2190.0,1160
4027,3406.0,1160
4028,3119.0,1161
4029,149.0,1161
4030,3408.0,1162
4031,3597.0,1163
4032,3163.0,1164
4033,1479.0,1165
4034,3489.0,1166
4035,1210.0,1166
4036,1053.0,1167
4037,2513.0,1168
4038,1517.0,1168
4039,1771.0,1168
4040,2956.0,1169
4041,3398.0,1169
4042,1342.0,1170
4044,2578.0,1172
4045,3651.0,1173
4046,2967.0,1173
4047,3674.0,1174
4048,1164.0,1174
4049,3652.0,1175
4050,150.0,1176
4051,2149.0,1176
4052,3414.0,1176
4053,316.0,1177
4054,3291.0,1178
4055,2424.0,1178
4056,1448.0,1179
4057,2038.0,1180
4058,3541.0,1180
4059,2529.0,1181
4060,2038.0,1181
4061,3396.0,1182
4062,1301.0,1183
4063,540.0,1184
4064,3403.0,1185
4065,2120.0,1185
4066,32.0,1185
4067,1978.0,1185
4069,868.0,1185
4070,2403.0,1186
4071,3443.0,1187
4072,484.0,1187
4073,169.0,1188
4074,2497.0,1189
4075,3341.0,1189
4076,3445.0,1189
4077,3583.0,1189
4078,2953.0,1190
4079,3111.0,1191
4080,1846.0,1192
4081,357.0,1193
4082,352.0,1193
4083,2489.0,1194
4084,2895.0,1194
4085,1163.0,1194
4086,803.0,1195
4087,1227.0,1196
4088,149.0,1196
4089,3487.0,1197
4090,158.0,1198
4091,2471.0,1198
4092,2526.0,1199
4093,2933.0,1200
4094,1154.0,1200
4095,211.0,1200
4096,3598.0,1201
4097,1814.0,1201
4098,681.0,1201
4099,3166.0,1202
4100,3253.0,1202
4101,3121.0,1203
4102,16.0,1203
4103,161.0,1203
4104,3115.0,1204
4105,1165.0,1204
4106,3418.0,1205
4107,305.0,1206
4108,984.0,1207
4109,1755.0,1208
4110,571.0,1208
4111,47.0,1209
4112,371.0,1210
4113,1042.0,1211
4114,3112.0,1212
4115,3185.0,1213
4116,2810.0,1214
4117,3264.0,1214
4118,2124.0,1214
4119,3584.0,1215
4120,2690.0,1215
4121,1320.0,1216
4122,1168.0,1217
4123,2632.0,1218
4124,1687.0,1219
4125,2975.0,1219
4126,317.0,1220
4127,3558.0,1220
4128,372.0,1221
4129,465.0,1221
4130,713.0,1222
4131,1106.0,1222
4132,3571.0,1222
4133,2651.0,1222
4134,459.0,1222
4135,4.0,1223
4136,376.0,1224
4137,3067.0,1225
4138,1906.0,1226
4139,2194.0,1227
4140,2522.0,1227
4141,788.0,1227
4142,3079.0,1227
4143,3620.0,1228
4144,2577.0,1228
4145,1453.0,1229
4146,1496.0,1229
4147,2522.0,1230
4148,3574.0,1231
4149,2628.0,1231
4150,207.0,1231
4151,2712.0,1231
4152,1037.0,1232
4153,2152.0,1232
4154,3438.0,1233
4155,1759.0,1234
4156,2958.0,1235
4157,2960.0,1236
4158,2140.0,1237
4159,2616.0,1238
4162,2818.0,1240
4163,3421.0,1240
4164,3407.0,1240
4165,2190.0,1240
4166,3674.0,1240
4167,286.0,1240
4168,2692.0,1240
4169,2275.0,1240
4170,243.0,1240
4171,2310.0,1241
4172,3015.0,1242
4173,3026.0,1243
4174,2997.0,1244
4175,3017.0,1244
4176,3038.0,1245
4177,3031.0,1245
4178,3006.0,1245
4179,2996.0,1246
4180,3011.0,1246
4181,2995.0,1246
4182,2754.0,1247
4183,3063.0,1247
4184,3064.0,1247
4185,3077.0,1247
4186,3076.0,1247
4187,3680.0,1248
4188,1901.0,1248
4189,1288.0,1248
4190,1483.0,1249
4191,944.0,1249
4192,1496.0,1250
4193,3516.0,1250
4194,2436.0,1251
4195,2075.0,1252
4196,901.0,1253
4198,3617.0,1254
4199,1496.0,1255
4200,842.0,1256
4201,2708.0,1257
4202,3536.0,1258
4203,1968.0,1259
4204,1190.0,1260
4205,3678.0,1261
4206,2062.0,1261
4207,2188.0,1261
4208,2674.0,1261
4210,3011.0,1261
4211,1770.0,1262
4212,1659.0,1263
4213,1659.0,1263
4214,2800.0,1264
4215,664.0,1264
4216,469.0,1264
4217,83.0,1265
4218,2419.0,1266
4219,3408.0,1266
4220,3609.0,1267
4221,2429.0,1268
4222,1627.0,1269
4223,2440.0,1269
4224,2539.0,1270
4225,2126.0,1270
4226,881.0,1270
4227,2906.0,1270
4228,1778.0,1270
4229,3043.0,1270
4230,3570.0,1270
4231,848.0,1271
4232,3475.0,1272
4234,3511.0,1272
4235,699.0,1273
4236,2183.0,1274
4237,3398.0,1275
4238,3050.0,1276
4239,863.0,1277
4240,2866.0,1278
4241,2825.0,1278
4242,2884.0,1278
4243,2991.0,1279
4244,2994.0,1279
4245,2632.0,1280
4246,3435.0,1280
4247,2972.0,1280
4248,697.0,1280
4249,2419.0,1281
4250,3493.0,1282
4251,3668.0,1283
4252,3672.0,1283
4253,3667.0,1283
4254,3638.0,1284
4255,3681.0,1285
4256,2646.0,1285
4257,2387.0,1286
4258,3000.0,1287
4259,3677.0,1287
4260,1260.0,1287
4261,2929.0,1288
4262,1812.0,1288
4263,2723.0,1289
4264,3246.0,1290
4265,1000.0,1290
4266,2054.0,1290
4267,3218.0,1290
4268,1626.0,1291
4269,1059.0,1291
4270,3652.0,1291
4271,3674.0,1292
4272,1855.0,1293
4273,1129.0,1294
4274,3655.0,1294
4275,3679.0,1294
4276,3483.0,1295
4277,2408.0,1296
4278,2926.0,1297
4279,211.0,1297
4280,3031.0,1298
4281,3646.0,1298
4282,2997.0,1298
4283,3592.0,1298
4284,829.0,1299
4285,3483.0,1300
4286,925.0,1300
4287,55.0,1300
4288,871.0,1300
4289,798.0,1300
4290,3519.0,1300
4291,1180.0,1301
4292,415.0,1301
4293,1956.0,1301
4294,1176.0,1301
4295,3048.0,1301
4296,3583.0,1301
4297,1182.0,1301
4298,2111.0,1302
4299,3033.0,1302
4300,2907.0,1302
4301,3616.0,1302
4302,2527.0,1302
4303,1578.0,1302
4304,2116.0,1302
4305,2103.0,1302
4306,435.0,1302
4307,2585.0,1302
4308,1584.0,1302
4309,3616.0,1302
4310,485.0,1302
4311,1554.0,1302
4312,3214.0,1302
4314,3247.0,1302
4315,1098.0,1302
4316,3614.0,1302
4317,3184.0,1303
4318,2435.0,1304
4319,1507.0,1304
4320,176.0,1305
4321,3218.0,1306
4322,2557.0,1307
4323,2903.0,1307
4324,2986.0,1307
4325,2316.0,1308
4326,3304.0,1308
4327,1493.0,1308
4328,1435.0,1309
4329,3044.0,1310
4330,3037.0,1310
4331,3219.0,1311
4332,1916.0,1312
4333,1823.0,1313
4334,3477.0,1314
4335,3308.0,1314
4336,1533.0,1315
4337,2786.0,1316
4338,3678.0,1317
4339,2997.0,1318
4340,3111.0,1318
4341,2633.0,1318
4342,991.0,1318
4343,3545.0,1318
4344,1065.0,1318
4345,3109.0,1319
4346,413.0,1320
4347,2315.0,1321
4348,3645.0,1321
4349,715.0,1322
4350,3625.0,1322
4351,3678.0,1322
4352,3494.0,1323
4354,3583.0,1324
4355,2464.0,1324
4356,1471.0,1324
4357,3187.0,1325
4358,2916.0,1326
4359,1879.0,1327
4360,2708.0,1327
4361,763.0,1327
4362,1147.0,1328
4363,1133.0,1329
4364,305.0,1330
4365,3618.0,1330
4366,700.0,1330
4367,1072.0,1331
4368,169.0,1332
4369,3597.0,1332
4370,2673.0,1333
4371,851.0,1334
4372,692.0,1335
4373,2734.0,1335
4374,2802.0,1335
4375,3611.0,1335
4376,2328.0,1336
4377,1609.0,1337
4378,3545.0,1337
4379,3188.0,1337
4380,692.0,1337
4381,3620.0,1338
4382,2042.0,1339
4383,3401.0,1340
4384,3078.0,1341
4385,1859.0,1342
4386,2025.0,1343
4387,3202.0,1344
4389,1197.0,1346
4390,2526.0,1346
4391,439.0,1347
4392,2831.0,1348
4393,820.0,1349
4394,166.0,1349
4395,2489.0,1349
4396,1806.0,1349
4397,2100.0,1349
4398,2424.0,1349
4399,3428.0,1350
4400,2326.0,1350
4401,1030.0,1350
4402,3117.0,1351
4403,2721.0,1352
4404,2960.0,1353
4405,3358.0,1354
4406,402.0,1355
4407,574.0,1356
4408,532.0,1357
4409,2519.0,1357
4411,3271.0,1358
4412,3257.0,1359
4413,1392.0,1360
4414,3384.0,1360
4415,1366.0,1360
4416,1205.0,1360
4417,17.0,1360
4418,1344.0,1360
4419,1371.0,1360
4420,2751.0,1361
4421,2137.0,1362
4422,3675.0,1363
4424,3258.0,1364
4425,3443.0,1365
4426,1566.0,1365
4427,1362.0,1366
4428,3320.0,1366
4429,3151.0,1366
4430,426.0,1367
4431,97.0,1367
4432,3233.0,1368
4433,1323.0,1369
4434,1127.0,1370
4435,3492.0,1371
4436,719.0,1372
4437,2362.0,1372
4439,2985.0,1373
4440,1508.0,1374
4441,3663.0,1374
4442,3611.0,1375
4443,2910.0,1375
4444,3289.0,1376
4445,1756.0,1377
4446,3452.0,1377
4447,3084.0,1377
4448,2496.0,1378
4449,3084.0,1379
4450,31.0,1379
4451,1906.0,1380
4452,2207.0,1380
4454,3190.0,1382
4455,3599.0,1383
4456,45.0,1383
4457,3145.0,1384
4458,3210.0,1384
4459,3600.0,1385
4460,2324.0,1386
4461,2168.0,1387
4462,2513.0,1388
4464,2424.0,1390
4465,2671.0,1391
4466,1883.0,1392
4467,2462.0,1393
4468,1236.0,1394
4469,1000.0,1394
4470,3096.0,1395
4471,3101.0,1396
4472,3617.0,1397
4473,3576.0,1398
4474,271.0,1399
4475,252.0,1399
4476,2692.0,1399
4477,1244.0,1399
4478,762.0,1400
4479,1753.0,1401
4480,2462.0,1402
4481,269.0,1402
4482,1194.0,1403
4483,3072.0,1403
4484,2466.0,1403
4485,803.0,1404
4486,1042.0,1405
4487,2799.0,1405
4488,2144.0,1405
4489,2163.0,1406
4490,3628.0,1407
4491,2778.0,1407
4492,925.0,1408
4493,2123.0,1408
4494,3533.0,1408
4495,1080.0,1409
4496,1423.0,1409
4497,3361.0,1410
4498,1495.0,1411
4499,1367.0,1411
4500,2882.0,1412
4501,3015.0,1413
4502,22.0,1414
4503,3564.0,1415
4504,2511.0,1416
4505,3044.0,1417
4506,2462.0,1418
4507,2749.0,1419
4508,145.0,1419
4509,2789.0,1420
4510,3479.0,1420
4511,2429.0,1420
4512,2680.0,1420
4513,1517.0,1420
4514,690.0,1420
4515,3404.0,1421
4516,2062.0,1421
4517,436.0,1421
4518,1617.0,1421
4519,413.0,1421
4520,1210.0,1421
4521,2417.0,1421
4522,2501.0,1421
4523,356.0,1421
4525,1850.0,1423
4526,3609.0,1423
4527,2612.0,1423
4528,1921.0,1424
4529,424.0,1424
4530,805.0,1425
4531,68.0,1425
4532,1059.0,1425
4533,958.0,1425
4534,2977.0,1425
4535,3679.0,1425
4536,2966.0,1425
4537,1076.0,1425
4538,1282.0,1425
4539,1892.0,1425
4540,3671.0,1425
4541,1434.0,1425
4542,1685.0,1425
4543,2077.0,1425
4544,1877.0,1425
4545,1340.0,1425
4546,1874.0,1425
4547,3412.0,1425
4548,1068.0,1425
4549,1039.0,1425
4550,3251.0,1425
4551,2980.0,1425
4552,3620.0,1426
4553,3475.0,1426
4554,1928.0,1426
4555,3613.0,1427
4556,214.0,1427
4557,2605.0,1427
4558,2419.0,1427
4559,1022.0,1427
4560,2440.0,1428
4561,1668.0,1429
4562,2088.0,1429
4563,3693.0,1430
4564,1196.0,1431
4565,1196.0,1432
4566,1196.0,1433
4567,3201.0,1434
4568,3102.0,1434
4569,1219.0,1434
4570,2078.0,1434
4571,3008.0,1435
4572,3191.0,1435
4573,429.0,1435
4574,3245.0,1436
4575,3101.0,1437
4576,900.0,1438
4577,3101.0,1438
4578,2446.0,1438
4579,3078.0,1439
4580,3606.0,1440
4581,3607.0,1440
4582,1858.0,1440
4583,3274.0,1441
4584,3102.0,1442
4585,415.0,1442
4586,3558.0,1442
4587,3145.0,1443
4588,3145.0,1443
4589,1995.0,1444
4590,191.0,1445
4591,2685.0,1446
4592,605.0,1446
4593,3321.0,1447
4594,661.0,1448
4595,1454.0,1449
4596,108.0,1450
4597,3210.0,1450
4598,99.0,1450
4599,1076.0,1451
4600,795.0,1451
4601,3678.0,1451
4602,2605.0,1452
4603,185.0,1452
4604,795.0,1452
4605,3679.0,1452
4607,312.0,1454
4608,3669.0,1455
4609,322.0,1456
4610,3252.0,1456
4611,1196.0,1456
4612,152.0,1456
4613,1520.0,1456
4614,800.0,1456
4615,1413.0,1456
4616,1899.0,1457
4617,1901.0,1457
4618,1834.0,1457
4619,1273.0,1457
4620,1845.0,1457
4621,1284.0,1458
4622,2250.0,1459
4623,3170.0,1460
4624,1103.0,1460
4625,903.0,1460
4626,3678.0,1461
4627,3480.0,1462
4628,2754.0,1462
4629,3210.0,1462
4630,3404.0,1463
4631,3041.0,1463
4632,97.0,1464
4633,2483.0,1464
4634,1023.0,1464
4635,3622.0,1464
4636,1753.0,1464
4637,3262.0,1465
4638,3017.0,1466
4639,3149.0,1466
4640,1308.0,1467
4641,853.0,1467
4642,797.0,1468
4643,3050.0,1469
4644,959.0,1469
4645,3011.0,1469
4646,3034.0,1469
4647,1044.0,1470
4648,3175.0,1470
4649,2760.0,1471
4650,3210.0,1471
4651,3603.0,1472
4652,1854.0,1472
4653,2475.0,1473
4654,2426.0,1474
4655,3549.0,1475
4656,1051.0,1476
4657,1659.0,1477
4658,3477.0,1478
4659,1784.0,1479
4660,1784.0,1479
4661,1098.0,1480
4662,1098.0,1480
4663,2478.0,1480
4664,2453.0,1480
4665,1470.0,1480
4666,1055.0,1480
4667,771.0,1481
4668,1927.0,1481
4669,2810.0,1481
4670,1359.0,1482
4671,3036.0,1483
4672,1180.0,1484
4673,3656.0,1485
4674,1112.0,1485
4675,467.0,1486
4676,3417.0,1487
4677,3171.0,1488
4678,3306.0,1488
4679,2782.0,1488
4681,695.0,1488
4682,1304.0,1488
4683,1264.0,1489
4684,1263.0,1490
4685,1287.0,1491
4686,71.0,1492
4687,2534.0,1492
4688,3408.0,1493
4689,1905.0,1494
4690,1313.0,1494
4691,1646.0,1495
4692,3341.0,1495
4693,819.0,1495
4694,3543.0,1495
4695,583.0,1495
4696,1087.0,1495
4697,3065.0,1496
4698,965.0,1497
4699,3678.0,1497
4700,2307.0,1498
4701,3158.0,1499
4702,719.0,1500
4703,12.0,1500
4704,713.0,1501
4705,2332.0,1502
4706,3467.0,1503
4707,1166.0,1504
4708,3534.0,1505
4709,2190.0,1505
4710,1406.0,1505
4711,97.0,1506
4712,12.0,1506
4713,3550.0,1507
4714,914.0,1508
4715,2749.0,1509
4716,1113.0,1509
4717,2519.0,1509
4718,3275.0,1509
4719,2728.0,1510
4720,16.0,1510
4721,1026.0,1511
4722,1607.0,1512
4723,1333.0,1512
4724,2265.0,1512
4725,441.0,1513
4726,689.0,1514
4727,1012.0,1514
4728,3547.0,1514
4729,105.0,1514
4730,2112.0,1515
4731,3219.0,1516
4732,398.0,1517
4733,1471.0,1518
4734,3411.0,1519
4735,3310.0,1520
4736,3028.0,1520
4737,1841.0,1521
4738,3017.0,1521
4739,30.0,1522
4740,2325.0,1523
4741,91.0,1524
4742,509.0,1525
4743,2799.0,1525
4744,2225.0,1526
4745,374.0,1527
4746,2768.0,1527
4747,378.0,1527
4748,2134.0,1527
4749,2168.0,1527
4750,1417.0,1527
4751,2038.0,1527
4752,3576.0,1527
4753,3202.0,1528
4754,1001.0,1529
4755,862.0,1530
4756,524.0,1531
4757,3585.0,1532
4758,3089.0,1532
4759,1985.0,1532
4760,186.0,1532
4761,630.0,1533
4762,3636.0,1534
4763,3360.0,1534
4764,2955.0,1535
4765,756.0,1535
4766,659.0,1536
4767,311.0,1537
4768,1970.0,1538
4769,3293.0,1539
4770,1843.0,1539
4771,3678.0,1540
4772,2674.0,1541
4773,2438.0,1541
4774,985.0,1542
4775,3103.0,1543
4776,2078.0,1543
4777,512.0,1544
4778,1179.0,1544
4779,769.0,1545
4780,3202.0,1546
4781,3202.0,1546
4782,3087.0,1547
4783,2988.0,1548
4784,3510.0,1549
4785,829.0,1550
4786,163.0,1551
4787,1386.0,1552
4788,3384.0,1553
4789,3250.0,1554
4790,2501.0,1554
4791,2992.0,1555
4792,974.0,1556
4793,1907.0,1557
4794,1976.0,1558
4795,606.0,1558
4796,1061.0,1559
4797,3212.0,1559
4798,3598.0,1559
4799,1563.0,1559
4800,3201.0,1559
4801,3190.0,1559
4802,2674.0,1559
4803,870.0,1559
4804,701.0,1560
4805,1848.0,1561
4806,64.0,1561
4807,1190.0,1561
4808,489.0,1561
4809,3288.0,1561
4810,1069.0,1561
4811,754.0,1561
4812,276.0,1561
4813,2396.0,1561
4814,2737.0,1561
4815,3675.0,1561
4816,307.0,1562
4817,2768.0,1563
4818,2721.0,1564
4819,2908.0,1564
4820,3471.0,1565
4821,2235.0,1566
4822,2133.0,1567
4823,62.0,1568
4824,2596.0,1568
4825,3571.0,1569
4826,1617.0,1570
4827,72.0,1571
4828,1568.0,1572
4829,1300.0,1573
4830,145.0,1573
4831,1908.0,1574
4832,2996.0,1574
4833,3483.0,1574
4834,1368.0,1575
4835,1514.0,1576
4836,3230.0,1577
4837,2889.0,1578
4838,496.0,1579
4839,1863.0,1580
4840,980.0,1581
4841,2835.0,1582
4842,229.0,1583
4843,534.0,1584
4844,532.0,1585
4845,531.0,1585
4846,3186.0,1586
4847,762.0,1586
4848,3185.0,1587
4849,25.0,1588
4850,3663.0,1588
4851,1460.0,1589
4852,2789.0,1589
4853,1756.0,1589
4854,1476.0,1589
4855,1329.0,1589
4856,3583.0,1589
4857,2473.0,1590
4858,699.0,1591
4859,3215.0,1591
4860,1068.0,1591
4861,2315.0,1592
4862,3279.0,1593
4863,957.0,1593
4864,1733.0,1594
4865,1915.0,1595
4866,3674.0,1596
4867,713.0,1597
4868,3646.0,1597
4869,1923.0,1598
4870,3596.0,1598
4871,3199.0,1599
4872,1893.0,1600
4873,3662.0,1601
4874,3498.0,1602
4875,3658.0,1603
4876,1348.0,1604
4877,671.0,1604
4878,2297.0,1605
4879,787.0,1605
4880,2937.0,1606
4881,1845.0,1607
4882,1887.0,1607
4883,2216.0,1607
4884,2180.0,1608
4885,2417.0,1609
4886,1881.0,1610
4887,1211.0,1611
4888,3616.0,1611
4889,3101.0,1612
4890,2533.0,1613
4891,456.0,1614
4892,1324.0,1615
4893,2538.0,1616
4894,2655.0,1616
4895,16.0,1617
4896,193.0,1618
4897,1921.0,1618
4898,997.0,1618
4899,3571.0,1618
4900,1748.0,1619
4901,997.0,1620
4902,997.0,1621
4903,1294.0,1622
4904,1294.0,1622
4905,2970.0,1623
4906,2674.0,1624
4907,1739.0,1624
4908,1627.0,1625
4909,1629.0,1625
4910,1169.0,1626
4911,1507.0,1627
4912,377.0,1628
4913,1406.0,1629
4914,2019.0,1630
4915,1968.0,1631
4916,1987.0,1632
4917,1889.0,1632
4918,3616.0,1633
4919,3655.0,1634
4920,3047.0,1635
4921,2131.0,1636
4922,2612.0,1637
4923,3558.0,1637
4924,2763.0,1638
4925,2478.0,1639
4926,2358.0,1640
4927,286.0,1641
4928,441.0,1642
4929,2129.0,1643
4930,3040.0,1644
4931,2672.0,1645
4932,3552.0,1645
4933,3253.0,1645
4934,3507.0,1646
4935,221.0,1646
4936,972.0,1646
4937,699.0,1646
4938,318.0,1647
4939,3219.0,1648
4940,2464.0,1649
4941,3149.0,1650
4942,2194.0,1651
4943,2428.0,1652
4944,1101.0,1653
4945,1294.0,1654
4946,1195.0,1654
4947,3518.0,1655
4948,3657.0,1656
4949,3480.0,1656
4950,240.0,1657
4951,3557.0,1657
4952,2844.0,1658
4953,2716.0,1659
4954,1787.0,1660
4955,1366.0,1661
4956,2348.0,1661
4957,904.0,1661
4958,734.0,1661
4959,1060.0,1662
4960,2130.0,1663
4961,983.0,1664
4962,1385.0,1665
4963,535.0,1666
4964,3687.0,1667
4965,2223.0,1667
4966,158.0,1668
4967,2468.0,1668
4968,3301.0,1668
4969,1195.0,1668
4970,2917.0,1668
4971,2341.0,1669
4972,2886.0,1670
4973,1817.0,1671
4974,3245.0,1672
4975,2125.0,1673
4976,3521.0,1674
4977,3652.0,1675
4978,16.0,1676
4979,950.0,1676
4980,1296.0,1676
4981,2222.0,1677
4982,3451.0,1677
4983,963.0,1677
4984,2022.0,1678
4985,2511.0,1679
4986,2510.0,1679
4987,2517.0,1680
4988,704.0,1681
4989,2628.0,1682
4990,2542.0,1683
4991,881.0,1683
4992,2547.0,1683
4993,2553.0,1684
4994,758.0,1684
4995,3290.0,1684
4996,1929.0,1685
4997,910.0,1686
4998,3400.0,1687
4999,3001.0,1687
5000,3017.0,1688
5001,2375.0,1689
5002,1046.0,1690
5003,2271.0,1691
5009,2217.0,1694
5010,3205.0,1695
5011,316.0,1696
5012,2632.0,1697
5013,1607.0,1698
5014,1915.0,1699
5015,3412.0,1699
5016,1340.0,1700
5017,2748.0,1701
5018,1848.0,1702
5019,643.0,1703
5020,193.0,1704
5021,3597.0,1705
5022,355.0,1706
5023,1987.0,1706
5024,3100.0,1707
5025,441.0,1708
5026,3314.0,1709
5027,2170.0,1710
5028,933.0,1711
5029,3017.0,1711
5030,2218.0,1711
5031,2995.0,1711
5032,2409.0,1712
5033,3622.0,1713
5034,1743.0,1714
5035,2563.0,1715
5036,3454.0,1715
5037,2087.0,1716
5038,3410.0,1717
5039,3306.0,1718
5040,1579.0,1718
5041,119.0,1718
5042,3149.0,1719
5043,974.0,1720
5044,2355.0,1721
5045,198.0,1721
5046,1274.0,1722
5047,322.0,1723
5048,417.0,1723
5049,2535.0,1723
5050,3314.0,1723
5051,3516.0,1724
5052,2792.0,1725
5053,3101.0,1726
5054,3657.0,1727
5055,2904.0,1728
5056,36.0,1729
5057,433.0,1730
5058,2087.0,1730
5059,2086.0,1730
5060,2997.0,1730
5061,1280.0,1731
5062,1118.0,1732
5063,3280.0,1733
5064,1299.0,1734
5065,842.0,1735
5066,25.0,1736
5067,2623.0,1736
5068,2075.0,1737
5069,962.0,1737
5070,2138.0,1738
5071,446.0,1739
5072,426.0,1739
5073,3571.0,1740
5074,425.0,1740
5075,2893.0,1740
5076,1418.0,1740
5077,2713.0,1741
5078,135.0,1742
5079,3610.0,1742
5080,2717.0,1742
5081,1008.0,1742
5082,3617.0,1743
5083,845.0,1744
5084,1280.0,1745
5085,1998.0,1746
5086,1996.0,1746
5087,3546.0,1747
5088,1619.0,1748
5089,3224.0,1749
5090,1457.0,1750
5091,827.0,1751
5092,2083.0,1752
5093,40.0,1752
5094,3646.0,1753
5095,3646.0,1754
5096,3096.0,1755
5097,2943.0,1756
5098,1954.0,1756
5099,3560.0,1757
5100,1068.0,1757
5101,1970.0,1758
5102,1976.0,1758
5103,2042.0,1759
5104,1023.0,1760
5105,3516.0,1761
5106,3563.0,1762
5107,3480.0,1763
5108,1603.0,1764
5109,2067.0,1765
5110,2216.0,1766
5111,2513.0,1766
5112,3585.0,1767
5113,1426.0,1768
5114,3311.0,1769
5115,3281.0,1769
5116,2373.0,1770
5117,471.0,1771
5118,2735.0,1772
5119,2513.0,1773
5120,2916.0,1774
5121,2070.0,1775
5122,2696.0,1776
5123,572.0,1776
5124,916.0,1777
5125,878.0,1778
5126,1967.0,1779
5127,3411.0,1780
5128,3050.0,1781
5129,3385.0,1782
5130,1603.0,1783
5131,3364.0,1784
5132,3384.0,1785
5133,153.0,1786
5135,3552.0,1788
5136,3552.0,1789
5137,2709.0,1790
5138,2870.0,1791
5139,1020.0,1792
5140,243.0,1793
5141,3576.0,1794
5142,933.0,1795
5143,1759.0,1795
5144,2470.0,1795
5145,2510.0,1796
5146,696.0,1797
5147,630.0,1798
5148,3669.0,1799
5149,3306.0,1800
5150,2107.0,1801
5151,3001.0,1802
5153,2360.0,1804
5154,3631.0,1805
5155,1704.0,1806
5156,452.0,1807
5157,1641.0,1808
5158,171.0,1809
5159,2489.0,1810
5160,1012.0,1811
5161,1163.0,1812
5162,1163.0,1812
5163,3385.0,1813
5164,1774.0,1814
5165,3282.0,1815
5166,3202.0,1816
5167,3095.0,1817
5168,2631.0,1818
5169,1326.0,1819
5170,2044.0,1820
5171,1958.0,1821
5172,1319.0,1822
5173,32.0,1823
5174,2145.0,1824
5175,2145.0,1825
5176,751.0,1825
5177,3411.0,1825
5178,2762.0,1826
5179,2749.0,1827
5180,305.0,1828
5181,2683.0,1828
5182,1569.0,1829
5183,3652.0,1830
5184,781.0,1831
5185,2328.0,1832
5186,427.0,1833
5187,2908.0,1834
5188,903.0,1834
5189,3626.0,1835
5190,1609.0,1835
5191,280.0,1835
5192,2464.0,1836
5193,3301.0,1836
5194,1022.0,1836
5195,1819.0,1836
5196,3620.0,1837
5197,1854.0,1837
5198,1638.0,1838
5199,1637.0,1838
5200,1633.0,1838
5201,2413.0,1839
5202,1971.0,1840
5203,992.0,1841
5205,1987.0,1843
5206,3106.0,1844
5207,1658.0,1845
5208,2466.0,1846
5209,2804.0,1847
5210,925.0,1848
5211,2713.0,1849
5212,927.0,1850
5213,2680.0,1851
5214,3450.0,1852
5215,404.0,1853
5216,3266.0,1854
5217,281.0,1855
5218,198.0,1856
5220,3106.0,1858
5221,1638.0,1859
5222,3546.0,1860
5223,1830.0,1861
5224,1197.0,1862
5225,1197.0,1863
5226,1884.0,1864
5227,1888.0,1865
5228,1893.0,1866
5229,2915.0,1867
5230,1058.0,1868
5231,3045.0,1869
5232,1175.0,1870
5233,1835.0,1871
5234,3617.0,1872
5235,1654.0,1872
5236,473.0,1872
5237,2522.0,1872
5238,2719.0,1873
5239,2717.0,1873
5240,2726.0,1873
5241,1873.0,1873
5242,3218.0,1873
5243,788.0,1873
5244,3496.0,1874
5245,2951.0,1875
5246,2233.0,1876
5247,63.0,1877
5248,2480.0,1877
5249,2599.0,1878
5250,2470.0,1879
5251,2124.0,1880
5252,3291.0,1881
5253,840.0,1882
5254,381.0,1883
5255,3397.0,1884
5256,914.0,1885
5257,1927.0,1886
5258,2405.0,1887
5259,1925.0,1888
5260,3677.0,1888
5261,902.0,1888
5262,401.0,1889
5263,2473.0,1890
5264,2222.0,1891
5265,2222.0,1892
5266,598.0,1893
5267,3474.0,1894
5268,666.0,1894
5269,1792.0,1895
5270,1509.0,1896
5271,1772.0,1897
5272,2908.0,1898
5273,696.0,1899
5274,634.0,1900
5275,2112.0,1901
5276,3617.0,1902
5277,3149.0,1903
5278,1429.0,1904
5279,92.0,1905
5280,896.0,1906
5281,3244.0,1907
5282,2610.0,1908
5283,2167.0,1909
5284,48.0,1910
5285,3122.0,1911
5286,1311.0,1911
5287,991.0,1911
5288,2711.0,1911
5289,2066.0,1912
5290,3150.0,1913
5291,2921.0,1914
5292,1314.0,1915
5293,2281.0,1916
5294,3660.0,1917
5295,1796.0,1918
5296,2089.0,1919
5297,2069.0,1919
5298,832.0,1920
5299,620.0,1920
5300,3649.0,1921
5301,3484.0,1921
5302,2419.0,1922
5303,2607.0,1923
5304,331.0,1924
5305,3291.0,1925
5306,3018.0,1926
5307,2063.0,1927
5308,2240.0,1928
5309,2229.0,1929
5310,1714.0,1930
5311,2461.0,1931
5312,2325.0,1932
5313,2893.0,1933
5314,3559.0,1934
5315,3302.0,1934
5316,2286.0,1935
5317,88.0,1936
5318,3481.0,1937
5319,418.0,1938
5320,795.0,1939
5321,2934.0,1940
5322,3182.0,1941
5323,1787.0,1942
5324,1995.0,1942
5325,284.0,1943
5326,3664.0,1943
5327,2065.0,1944
5328,2401.0,1945
5329,1571.0,1946
5330,1170.0,1947
5331,3488.0,1948
5332,2790.0,1949
5333,2972.0,1950
5334,3514.0,1951
5335,1645.0,1952
5336,3299.0,1953
5337,3367.0,1954
5338,3592.0,1954
5339,2834.0,1955
5340,2679.0,1956
5341,2678.0,1957
5342,2707.0,1958
5343,1020.0,1959
5344,2994.0,1960
5345,2762.0,1961
5346,2794.0,1962
5347,1434.0,1963
5348,2633.0,1963
5349,3646.0,1964
5350,1313.0,1965
5351,3031.0,1966
5352,2124.0,1966
5353,189.0,1967
5354,1042.0,1968
5355,3650.0,1969
5356,1335.0,1970
5357,3305.0,1971
5358,2884.0,1972
5359,2972.0,1973
5360,603.0,1974
5361,3405.0,1974
5362,2518.0,1975
5363,1097.0,1976
5364,719.0,1977
5365,3490.0,1978
5366,2912.0,1979
5367,1348.0,1980
5368,829.0,1981
5369,42.0,1982
5370,1008.0,1983
5371,2402.0,1984
5372,231.0,1984
5373,2100.0,1985
5374,1280.0,1986
5375,882.0,1987
5376,2468.0,1988
5377,2652.0,1989
5378,1509.0,1990
5379,41.0,1991
5380,191.0,1992
5381,1887.0,1993
5382,2972.0,1994
5383,2248.0,1995
5384,2869.0,1996
5385,3534.0,1997
5386,2972.0,1998
5387,1185.0,1999
5388,416.0,2000
5389,3549.0,2000
5390,857.0,2001
5391,2987.0,2001
5392,1388.0,2001
5393,3201.0,2002
5394,2945.0,2002
5395,1239.0,2003
5396,3607.0,2004
5397,3278.0,2004
5398,771.0,2005
5399,3314.0,2006
5400,784.0,2006
5401,842.0,2007
5402,1319.0,2008
5403,1318.0,2008
5404,1920.0,2009
5405,1977.0,2010
5406,2032.0,2010
5407,3010.0,2010
5408,418.0,2011
5409,2951.0,2011
5410,1302.0,2012
5411,638.0,2012
5412,2522.0,2012
5413,3677.0,2013
5414,1972.0,2014
5415,666.0,2015
5416,3367.0,2016
5417,2010.0,2017
5418,3425.0,2018
5419,3455.0,2019
5420,2411.0,2020
5421,890.0,2020
5423,1567.0,2021
5424,2047.0,2022
